latitude,longitude,bright_ti4,scan,track,acq_date,acq_time,satellite,confidence,version,bright_ti5,frp,daynight
34.98422,5.71679,296.34,0.47,0.4,2026-01-17,0111,N20,nominal,2.0NRT,280.17,0.87,N
34.98061,5.71606,306.62,0.47,0.4,2026-01-17,0111,N20,nominal,2.0NRT,281.87,1.52,N
34.57134,7.24127,295.53,0.41,0.37,2026-01-17,0111,N20,nominal,2.0NRT,278.64,0.48,N
34.43705,2.05636,297.54,0.47,0.47,2026-01-17,0111,N20,nominal,2.0NRT,274.78,0.91,N
53.13811,8.67331,302.78,0.56,0.43,2026-01-17,0106,N20,nominal,2.0NRT,271.33,2.72,N
53.1334,8.6808,321.82,0.56,0.43,2026-01-17,0106,N20,nominal,2.0NRT,271.36,2.72,N
52.49012,13.83812,297.03,0.4,0.37,2026-01-17,0106,N20,nominal,2.0NRT,272.54,0.71,N
52.16385,10.41487,300.46,0.48,0.4,2026-01-17,0109,N20,nominal,2.0NRT,274.27,1.4,N
52.16308,10.42189,300.79,0.48,0.4,2026-01-17,0109,N20,nominal,2.0NRT,274.44,1.58,N
52.1573,10.40576,347.03,0.48,0.4,2026-01-17,0109,N20,nominal,2.0NRT,277.25,11.67,N
52.15441,10.39772,326.48,0.48,0.4,2026-01-17,0109,N20,nominal,2.0NRT,275.18,2.28,N
52.15365,10.40472,314.25,0.48,0.4,2026-01-17,0109,N20,nominal,2.0NRT,274.36,3.5,N
52.15076,10.39668,311.44,0.48,0.4,2026-01-17,0109,N20,nominal,2.0NRT,271.33,2.28,N
50.49238,19.46943,296.06,0.44,0.38,2026-01-17,0109,N20,nominal,2.0NRT,270.94,0.67,N
46.8084,30.9549,367,0.52,0.67,2026-01-17,0109,N20,high,2.0NRT,262.58,11.24,N
46.80666,30.95562,353.96,0.52,0.67,2026-01-17,0109,N20,nominal,2.0NRT,262.85,8.78,N
51.49708,6.7324,314.22,0.43,0.46,2026-01-17,0109,N20,nominal,2.0NRT,273.48,1.94,N
51.49659,6.73863,316.44,0.43,0.46,2026-01-17,0109,N20,nominal,2.0NRT,276.98,1.94,N
51.49238,6.73775,320.12,0.43,0.46,2026-01-17,0109,N20,nominal,2.0NRT,277.47,3.11,N
51.48639,6.70488,295.25,0.43,0.46,2026-01-17,0109,N20,nominal,2.0NRT,267.52,0.46,N
51.48121,6.71644,311.65,0.43,0.46,2026-01-17,0109,N20,nominal,2.0NRT,269.36,1.66,N
51.46245,6.73782,334.41,0.43,0.46,2026-01-17,0109,N20,nominal,2.0NRT,276.28,3.64,N
51.46284,6.73795,324.37,0.43,0.46,2026-01-17,0109,N20,nominal,2.0NRT,274.87,2.71,N
51.46233,6.74417,296.77,0.43,0.46,2026-01-17,0109,N20,nominal,2.0NRT,275.82,1.35,N
51.37129,6.70637,301.48,0.43,0.46,2026-01-17,0109,N20,nominal,2.0NRT,275.94,1.9,N
51.36708,6.70551,319.8,0.43,0.46,2026-01-17,0109,N20,nominal,2.0NRT,277.32,1.9,N
49.6899,18.65285,300.61,0.43,0.38,2026-01-17,0109,N20,nominal,2.0NRT,272.93,0.94,N
49.68433,18.66274,297.48,0.43,0.38,2026-01-17,0109,N20,nominal,2.0NRT,273.65,1.89,N
49.6776,18.65965,322.42,0.43,0.38,2026-01-17,0109,N20,nominal,2.0NRT,274.44,4.76,N
50.65611,11.43493,303.65,0.43,0.38,2026-01-17,0109,N20,nominal,2.0NRT,271.41,1.03,N
45.46071,10.45581,310.82,0.41,0.37,2026-01-17,0109,N20,nominal,2.0NRT,270.09,1.65,N
41.50166,19.74195,304.23,0.44,0.46,2026-01-17,0111,N20,nominal,2.0NRT,278.98,1.22,N
42.4285,12.15571,304.76,0.38,0.36,2026-01-17,0111,N20,nominal,2.0NRT,274.35,0.59,N
43.52857,-5.74038,295.38,0.72,0.76,2026-01-17,0111,N20,nominal,2.0NRT,275.4,1.63,N
43.52422,-5.73742,295.84,0.72,0.75,2026-01-17,0111,N20,nominal,2.0NRT,275.29,2.19,N
37.92091,23.06911,332.16,0.4,0.6,2026-01-17,0111,N20,nominal,2.0NRT,283.04,2.95,N
37.91991,23.06982,334.07,0.4,0.6,2026-01-17,0111,N20,nominal,2.0NRT,283.63,3.95,N
37.9211,23.06539,302.62,0.4,0.6,2026-01-17,0111,N20,nominal,2.0NRT,281.04,2.26,N
36.7482,6.25608,334.76,0.46,0.39,2026-01-17,0113,N20,nominal,2.0NRT,281.06,4.41,N
36.43272,6.62278,303.67,0.45,0.39,2026-01-17,0113,N20,nominal,2.0NRT,278.18,0.96,N
36.74811,3.08195,296.71,0.43,0.46,2026-01-17,0113,N20,nominal,2.0NRT,280.39,0.38,N
36.63138,3.22901,300.72,0.43,0.46,2026-01-17,0113,N20,nominal,2.0NRT,278.56,0.6,N
35.77631,9.89104,302.49,0.38,0.36,2026-01-17,0113,N20,nominal,2.0NRT,281.48,0.91,N
35.87898,4.44708,310.38,0.54,0.42,2026-01-17,0113,N20,nominal,2.0NRT,278.78,2.42,N
35.23343,8.17307,312.29,0.4,0.37,2026-01-17,0113,N20,nominal,2.0NRT,275.08,1.9,N
35.70836,4.47554,300.65,0.54,0.42,2026-01-17,0113,N20,nominal,2.0NRT,276.44,1.12,N
35.35058,5.76102,317.67,0.47,0.4,2026-01-17,0113,N20,nominal,2.0NRT,276.19,3.12,N
60.65533,10.59486,327.48,0.5,0.49,2026-01-17,0245,N20,nominal,2.0NRT,271.65,3.15,N
60.65668,10.60011,332.51,0.5,0.49,2026-01-17,0245,N20,nominal,2.0NRT,270.82,3.27,N
59.64732,6.35628,295.8,0.41,0.45,2026-01-17,0247,N20,nominal,2.0NRT,273.58,0.79,N
59.64567,6.36255,297.15,0.41,0.45,2026-01-17,0247,N20,nominal,2.0NRT,273.1,0.79,N
57.06238,9.97523,324.32,0.33,0.55,2026-01-17,0247,N20,nominal,2.0NRT,274.03,2.17,N
52.16237,10.40988,295.67,0.52,0.67,2026-01-17,0247,N20,nominal,2.0NRT,271.55,3.12,N
52.15704,10.4048,335.73,0.52,0.67,2026-01-17,0247,N20,nominal,2.0NRT,275.44,3.12,N
52.15942,10.39822,299.07,0.52,0.67,2026-01-17,0247,N20,nominal,2.0NRT,273.24,4.09,N
52.15622,10.40333,339.87,0.52,0.67,2026-01-17,0247,N20,nominal,2.0NRT,276.09,6.38,N
49.47962,0.2303,312.58,0.51,0.49,2026-01-17,0247,N20,nominal,2.0NRT,274.18,1.81,N
43.52858,-5.73454,336.83,0.4,0.44,2026-01-17,0249,N20,nominal,2.0NRT,277.03,3.86,N
43.5275,-5.7297,323.61,0.4,0.44,2026-01-17,0249,N20,nominal,2.0NRT,279.73,3.86,N
43.5236,-5.73137,327.34,0.4,0.44,2026-01-17,0249,N20,nominal,2.0NRT,276.77,3.86,N
43.52467,-5.73613,308.83,0.4,0.44,2026-01-17,0249,N20,nominal,2.0NRT,277.28,3.86,N
43.52254,-5.72668,298.69,0.4,0.44,2026-01-17,0249,N20,nominal,2.0NRT,275.3,1.83,N
37.18416,-6.89399,334.5,0.48,0.48,2026-01-17,0251,N20,nominal,2.0NRT,279.57,2.34,N
64.35919,-21.78179,296.94,0.41,0.37,2026-01-17,0425,N20,nominal,2.0NRT,270.84,0.88,N
38.66124,27.58221,328.35,0.46,0.39,2026-01-17,1051,N20,nominal,2.0NRT,284.38,3.41,D
40.34465,33.96127,326.89,0.42,0.38,2026-01-17,1051,N20,nominal,2.0NRT,276.56,24.2,D
40.18788,28.27952,329.02,0.42,0.38,2026-01-17,1051,N20,nominal,2.0NRT,278.69,1.97,D
48.60589,21.17977,329.25,0.54,0.42,2026-01-17,1053,N20,nominal,2.0NRT,278.37,8.22,D
49.67785,18.66291,343.54,0.42,0.45,2026-01-17,1053,N20,nominal,2.0NRT,289.29,61.21,D
50.33503,19.28751,327,0.39,0.44,2026-01-17,1053,N20,nominal,2.0NRT,280.78,2.84,D
34.98169,5.71786,325.62,0.4,0.37,2026-01-17,1231,N20,nominal,2.0NRT,291.64,1.44,D
36.74627,6.25737,330.13,0.39,0.36,2026-01-17,1231,N20,nominal,2.0NRT,291.54,8.4,D
39.37346,8.45394,344.33,0.41,0.37,2026-01-17,1231,N20,nominal,2.0NRT,282.96,14.41,D
40.3773,18.04667,327.38,0.39,0.59,2026-01-17,1231,N20,nominal,2.0NRT,285.91,2.24,D
51.3653,6.71181,330.65,0.47,0.4,2026-01-17,1236,N20,nominal,2.0NRT,280.98,7.44,D
51.46188,6.74128,328.21,0.47,0.4,2026-01-17,1236,N20,nominal,2.0NRT,278.28,3.04,D
51.48376,6.70574,328.19,0.47,0.4,2026-01-17,1236,N20,nominal,2.0NRT,282.64,4.05,D
51.49102,6.73878,329.94,0.47,0.4,2026-01-17,1236,N20,nominal,2.0NRT,282.84,3.73,D
51.49538,6.7446,336.29,0.47,0.4,2026-01-17,1236,N20,nominal,2.0NRT,283.75,4.78,D
51.49465,6.73778,328.25,0.47,0.4,2026-01-17,1236,N20,nominal,2.0NRT,282.95,3.73,D
52.15389,10.40914,343.67,0.44,0.46,2026-01-17,1236,N20,nominal,2.0NRT,275.61,4.33,D
52.48281,4.59654,328.87,0.42,0.38,2026-01-17,1236,N20,nominal,2.0NRT,283.52,4.19,D
52.48549,4.58922,327.91,0.42,0.38,2026-01-17,1236,N20,nominal,2.0NRT,281.6,2.4,D
52.49198,4.61295,344.96,0.43,0.38,2026-01-17,1236,N20,nominal,2.0NRT,286.85,7.7,D
65.5625,22.21648,342.77,0.76,0.77,2026-01-17,2303,N20,nominal,2.0NRT,270.76,9.6,N
53.77732,30.69132,323.9,0.41,0.6,2026-01-17,2305,N20,nominal,2.0NRT,246.15,1.82,N
51.89298,29.33582,320.59,0.45,0.63,2026-01-17,2305,N20,nominal,2.0NRT,256.78,2.71,N
48.11988,23.7565,305.59,0.79,0.78,2026-01-17,2307,N20,nominal,2.0NRT,260.98,1.44,N
48.11949,23.76227,308.42,0.79,0.78,2026-01-17,2307,N20,nominal,2.0NRT,260.47,1.51,N
47.86232,33.44734,328.24,0.55,0.51,2026-01-17,2307,N20,nominal,2.0NRT,263.8,3.45,N
47.86163,33.4476,327.65,0.55,0.51,2026-01-17,2307,N20,nominal,2.0NRT,263.61,5.14,N
38.73761,26.94562,300.17,0.5,0.66,2026-01-17,2309,N20,nominal,2.0NRT,276.05,0.95,N
38.73719,26.94399,301.93,0.5,0.66,2026-01-17,2309,N20,nominal,2.0NRT,276.56,2.11,N
37.86481,29.37082,296.56,0.36,0.58,2026-01-17,2309,N20,nominal,2.0NRT,272.64,0.75,N
37.56861,32.85862,337.58,0.46,0.47,2026-01-17,2309,N20,nominal,2.0NRT,274.78,6.41,N
36.73673,31.89782,305.2,0.51,0.5,2026-01-17,2309,N20,nominal,2.0NRT,272.98,1.37,N
36.73639,31.89764,303.7,0.51,0.5,2026-01-17,2309,N20,nominal,2.0NRT,273.43,1.5,N
52.49357,4.61155,325.54,0.43,0.62,2026-01-18,0047,N20,nominal,2.0NRT,270.34,2.23,N
52.49367,4.60514,309.13,0.43,0.62,2026-01-18,0047,N20,nominal,2.0NRT,267.16,2.23,N
52.49259,4.61037,334.35,0.43,0.62,2026-01-18,0047,N20,nominal,2.0NRT,271.32,4.01,N
51.69082,15.9756,310.77,0.45,0.39,2026-01-18,0047,N20,nominal,2.0NRT,272.37,2.02,N
51.68653,15.981,341.86,0.45,0.39,2026-01-18,0047,N20,nominal,2.0NRT,275.67,11.94,N
52.162,10.41674,309.22,0.48,0.48,2026-01-18,0047,N20,nominal,2.0NRT,269.09,1.71,N
52.1585,10.40167,336.76,0.48,0.48,2026-01-18,0047,N20,nominal,2.0NRT,267.75,4.84,N
52.15803,10.4088,314.01,0.48,0.48,2026-01-18,0047,N20,nominal,2.0NRT,267.81,4.84,N
52.15405,10.40088,340.93,0.48,0.48,2026-01-18,0047,N20,nominal,2.0NRT,269.09,4.84,N
47.86296,33.4463,329.14,0.38,0.59,2026-01-18,0047,N20,nominal,2.0NRT,259.74,2.42,N
50.80111,19.17207,325.09,0.39,0.36,2026-01-18,0047,N20,nominal,2.0NRT,267.45,2.21,N
51.17637,16.10875,310.55,0.44,0.38,2026-01-18,0047,N20,nominal,2.0NRT,271.63,2.16,N
50.53559,17.97827,306.81,0.4,0.37,2026-01-18,0047,N20,nominal,2.0NRT,272.26,0.94,N
50.33775,19.29022,301.37,0.39,0.36,2026-01-18,0047,N20,nominal,2.0NRT,270.47,0.65,N
51.50325,6.72287,301.42,0.34,0.56,2026-01-18,0047,N20,nominal,2.0NRT,269.52,1.43,N
50.3353,19.28367,295.34,0.39,0.36,2026-01-18,0047,N20,nominal,2.0NRT,269.39,0.87,N
50.33449,19.28901,303.54,0.39,0.36,2026-01-18,0047,N20,nominal,2.0NRT,268.58,0.73,N
51.49767,6.73253,311.22,0.34,0.56,2026-01-18,0047,N20,nominal,2.0NRT,266.14,0.9,N
51.49749,6.73758,300.55,0.34,0.56,2026-01-18,0047,N20,nominal,2.0NRT,267.3,0.9,N
51.48816,6.70632,306.9,0.34,0.56,2026-01-18,0047,N20,nominal,2.0NRT,269.96,1.07,N
51.48259,6.7158,336.4,0.34,0.56,2026-01-18,0047,N20,nominal,2.0NRT,267.52,3.27,N
51.48312,6.7007,307.72,0.34,0.56,2026-01-18,0047,N20,nominal,2.0NRT,269.21,0.91,N
51.48294,6.70578,311.69,0.34,0.56,2026-01-18,0047,N20,nominal,2.0NRT,268.61,0.91,N
51.48241,6.72079,301.56,0.34,0.56,2026-01-18,0047,N20,nominal,2.0NRT,266.85,1.99,N
51.49199,6.73601,296.87,0.34,0.56,2026-01-18,0047,N20,nominal,2.0NRT,267.65,0.63,N
51.48801,6.70541,314.32,0.34,0.56,2026-01-18,0047,N20,nominal,2.0NRT,269.99,1.05,N
51.4878,6.71046,298.76,0.34,0.56,2026-01-18,0047,N20,nominal,2.0NRT,269.98,1.05,N
51.48219,6.71987,332.57,0.34,0.56,2026-01-18,0047,N20,nominal,2.0NRT,268.85,1.92,N
51.483,6.69982,301.91,0.34,0.56,2026-01-18,0047,N20,nominal,2.0NRT,268.1,0.77,N
51.4824,6.71489,306.96,0.34,0.56,2026-01-18,0047,N20,nominal,2.0NRT,266.61,1.92,N
51.46077,6.73268,303.51,0.34,0.56,2026-01-18,0047,N20,nominal,2.0NRT,266.07,0.97,N
51.46056,6.7377,309.7,0.34,0.56,2026-01-18,0047,N20,nominal,2.0NRT,266.55,0.97,N
50.42282,18.15274,295.6,0.4,0.37,2026-01-18,0047,N20,nominal,2.0NRT,269.62,0.4,N
50.41699,18.14492,297.15,0.4,0.37,2026-01-18,0047,N20,nominal,2.0NRT,273.88,0.98,N
51.42935,6.73433,296.35,0.34,0.56,2026-01-18,0047,N20,nominal,2.0NRT,264.37,0.6,N
51.17458,3.80583,337.46,0.46,0.63,2026-01-18,0047,N20,nominal,2.0NRT,277.22,5.13,N
51.17467,3.79905,297.42,0.46,0.63,2026-01-18,0047,N20,nominal,2.0NRT,271.96,2.74,N
51.1686,3.81224,296.68,0.46,0.63,2026-01-18,0047,N20,nominal,2.0NRT,271.39,1.2,N
51.04364,2.28985,300.47,0.53,0.67,2026-01-18,0047,N20,nominal,2.0NRT,268.97,2.21,N
51.04646,2.29012,301.3,0.53,0.67,2026-01-18,0047,N20,nominal,2.0NRT,267.97,1.94,N
49.69037,18.6535,307.49,0.39,0.36,2026-01-18,0047,N20,nominal,2.0NRT,269.53,1.13,N
49.68552,18.66294,301.55,0.39,0.36,2026-01-18,0047,N20,nominal,2.0NRT,271.62,1.79,N
49.67898,18.66062,336.58,0.39,0.36,2026-01-18,0047,N20,nominal,2.0NRT,279.79,13.92,N
50.76518,5.67088,296.62,0.38,0.58,2026-01-18,0047,N20,nominal,2.0NRT,272.21,0.77,N
48.60643,21.17701,333.86,0.4,0.37,2026-01-18,0047,N20,nominal,2.0NRT,270.67,3.76,N
48.17836,17.94302,318.59,0.39,0.36,2026-01-18,0049,N20,nominal,2.0NRT,274.47,1.58,N
48.2859,14.32876,306.98,0.46,0.39,2026-01-18,0049,N20,nominal,2.0NRT,272.67,1.19,N
48.28087,14.34029,315.85,0.46,0.39,2026-01-18,0049,N20,nominal,2.0NRT,272.73,5.03,N
48.27799,14.33313,326.8,0.46,0.39,2026-01-18,0049,N20,nominal,2.0NRT,273.71,5.03,N
48.27728,14.33936,329.19,0.46,0.39,2026-01-18,0049,N20,nominal,2.0NRT,278.44,5.03,N
48.27511,14.32595,310.37,0.46,0.39,2026-01-18,0049,N20,nominal,2.0NRT,275.99,1.59,N
48.27439,14.33219,301.19,0.46,0.39,2026-01-18,0049,N20,nominal,2.0NRT,272.11,1.35,N
48.27368,14.33842,310.27,0.46,0.39,2026-01-18,0049,N20,nominal,2.0NRT,272.53,1.35,N
44.59841,20.97527,303.12,0.43,0.38,2026-01-18,0049,N20,nominal,2.0NRT,269.79,0.94,N
45.52062,11.50015,317.31,0.55,0.43,2026-01-18,0049,N20,nominal,2.0NRT,276.24,2.93,N
43.54121,16.4393,295.91,0.39,0.36,2026-01-18,0049,N20,nominal,2.0NRT,278.58,0.41,N
41.5029,19.7439,306.31,0.43,0.38,2026-01-18,0049,N20,nominal,2.0NRT,277.2,0.96,N
38.7538,26.93331,300.69,0.34,0.56,2026-01-18,0049,N20,nominal,2.0NRT,274.26,0.92,N
38.75284,26.93699,308.96,0.34,0.56,2026-01-18,0049,N20,nominal,2.0NRT,274.82,1.07,N
38.74493,26.94618,313.79,0.34,0.56,2026-01-18,0049,N20,nominal,2.0NRT,274.48,1.42,N
38.74393,26.95,310.72,0.34,0.56,2026-01-18,0049,N20,nominal,2.0NRT,274.73,1.38,N
38.73898,26.94789,316.34,0.34,0.56,2026-01-18,0049,N20,nominal,2.0NRT,276.44,1.59,N
40.6297,18.00157,306.78,0.4,0.37,2026-01-18,0049,N20,nominal,2.0NRT,278.61,0.87,N
41.27552,13.55426,298.73,0.42,0.38,2026-01-18,0052,N20,nominal,2.0NRT,278.62,0.71,N
41.27213,13.55312,300.85,0.42,0.38,2026-01-18,0052,N20,nominal,2.0NRT,278.49,0.71,N
40.51773,17.20597,298.7,0.39,0.36,2026-01-18,0052,N20,nominal,2.0NRT,279.63,0.54,N
40.3294,-1.09998,296.35,0.71,0.75,2026-01-18,0052,N20,nominal,2.0NRT,263.86,2.29,N
38.20369,15.26558,295.62,0.38,0.36,2026-01-18,0052,N20,nominal,2.0NRT,283.96,0.67,N
38.10387,15.48831,296.33,0.38,0.36,2026-01-18,0052,N20,nominal,2.0NRT,281.22,0.36,N
37.21269,15.16957,301.61,0.38,0.36,2026-01-18,0052,N20,nominal,2.0NRT,286.52,1.23,N
36.87235,6.98202,295.45,0.49,0.48,2026-01-18,0052,N20,nominal,2.0NRT,266.32,1.16,N
36.8679,6.98133,319.46,0.49,0.48,2026-01-18,0052,N20,nominal,2.0NRT,265.58,1.16,N
36.86975,6.98069,317.21,0.48,0.48,2026-01-18,0052,N20,nominal,2.0NRT,266.78,2.46,N
36.76408,7.30697,305.48,0.46,0.47,2026-01-18,0052,N20,nominal,2.0NRT,275.61,1.56,N
35.8147,-0.27979,305.94,0.61,0.71,2026-01-18,0052,N20,nominal,2.0NRT,276.24,1.91,N
35.81414,-0.25982,300.39,0.6,0.71,2026-01-18,0052,N20,nominal,2.0NRT,277.68,2.01,N
35.81638,-0.27837,306.98,0.61,0.71,2026-01-18,0052,N20,nominal,2.0NRT,276.47,1.62,N
35.80911,-0.25833,315.1,0.6,0.71,2026-01-18,0052,N20,nominal,2.0NRT,277.48,2.24,N
65.76797,24.18725,343.13,0.43,0.38,2026-01-18,0043,N20,nominal,2.0NRT,272.45,6.01,N
65.76457,24.18483,306.17,0.43,0.38,2026-01-18,0043,N20,nominal,2.0NRT,271.21,1.25,N
65.56663,22.21339,295.66,0.46,0.39,2026-01-18,0043,N20,nominal,2.0NRT,269.14,0.62,N
65.56308,22.21122,326.2,0.46,0.39,2026-01-18,0043,N20,nominal,2.0NRT,270.59,4.77,N
65.56202,22.22106,313.82,0.46,0.39,2026-01-18,0043,N20,nominal,2.0NRT,271.09,3.55,N
64.65578,24.43378,300.52,0.42,0.37,2026-01-18,0043,N20,nominal,2.0NRT,271.87,1.03,N
64.65022,24.42068,299.18,0.42,0.37,2026-01-18,0043,N20,nominal,2.0NRT,271.59,1.07,N
64.6458,24.42684,329.78,0.42,0.37,2026-01-18,0043,N20,nominal,2.0NRT,271.74,3.12,N
64.66284,21.28111,332.05,0.47,0.4,2026-01-18,0043,N20,nominal,2.0NRT,274.86,8.94,N
54.03406,27.27916,328.17,0.46,0.39,2026-01-18,0045,N20,nominal,2.0NRT,255.37,3.36,N
55.40221,18.72376,314.68,0.42,0.38,2026-01-18,0045,N20,nominal,2.0NRT,276.4,0.98,N
65.76933,24.18645,329.44,0.51,0.5,2026-01-18,0223,N20,nominal,2.0NRT,271.9,2.67,N
65.76576,24.1794,316.49,0.51,0.5,2026-01-18,0223,N20,nominal,2.0NRT,269.81,2.67,N
65.76965,24.18169,312.93,0.51,0.5,2026-01-18,0223,N20,nominal,2.0NRT,269.76,2.46,N
65.76667,24.19067,310.45,0.51,0.5,2026-01-18,0223,N20,nominal,2.0NRT,271.17,2.87,N
65.76311,24.18358,312.87,0.51,0.5,2026-01-18,0223,N20,nominal,2.0NRT,269.93,1.87,N
65.56386,22.21679,334.59,0.47,0.48,2026-01-18,0223,N20,nominal,2.0NRT,276.87,16.58,N
64.64973,24.4274,298.4,0.58,0.52,2026-01-18,0223,N20,nominal,2.0NRT,271.29,2.46,N
64.64599,24.42019,318.93,0.58,0.52,2026-01-18,0223,N20,nominal,2.0NRT,270.88,2.22,N
64.66558,21.2813,305.56,0.49,0.49,2026-01-18,0223,N20,nominal,2.0NRT,271.89,1.45,N
51.68944,15.98088,297.68,0.58,0.7,2026-01-18,0228,N20,nominal,2.0NRT,271.99,1.26,N
52.4936,4.61346,342.11,0.4,0.45,2026-01-18,0228,N20,nominal,2.0NRT,282.83,6.9,N
52.4848,4.59474,329.4,0.4,0.45,2026-01-18,0228,N20,nominal,2.0NRT,277.62,2.96,N
52.48231,4.58668,304.62,0.4,0.45,2026-01-18,0228,N20,nominal,2.0NRT,276.56,2.4,N
52.47847,4.58421,298.82,0.4,0.45,2026-01-18,0228,N20,nominal,2.0NRT,277.22,0.64,N
51.49521,6.73876,338.15,0.52,0.5,2026-01-18,0228,N20,nominal,2.0NRT,273.01,3.34,N
51.49097,6.73585,297.52,0.52,0.5,2026-01-18,0228,N20,nominal,2.0NRT,267.78,3.34,N
51.48807,6.70917,298.18,0.52,0.5,2026-01-18,0228,N20,nominal,2.0NRT,270.23,1.02,N
51.48434,6.72307,303.82,0.52,0.5,2026-01-18,0228,N20,nominal,2.0NRT,269.28,1.86,N
51.48567,6.69938,312.28,0.52,0.5,2026-01-18,0228,N20,nominal,2.0NRT,269.7,2.26,N
51.48383,6.70625,303.18,0.52,0.5,2026-01-18,0228,N20,nominal,2.0NRT,270.61,2.26,N
51.4599,6.73915,315.18,0.52,0.5,2026-01-18,0228,N20,nominal,2.0NRT,268.53,4.13,N
51.36701,6.70807,306.71,0.52,0.5,2026-01-18,0228,N20,nominal,2.0NRT,264.1,1.13,N
48.28028,14.3385,330.25,0.67,0.74,2026-01-18,0228,N20,nominal,2.0NRT,273.6,5.37,N
48.27434,14.33349,312.52,0.67,0.74,2026-01-18,0228,N20,nominal,2.0NRT,274.35,3.77,N
48.27723,14.3361,343.85,0.67,0.74,2026-01-18,0228,N20,nominal,2.0NRT,276.46,9.72,N
50.76424,5.6713,299.74,0.5,0.49,2026-01-18,0228,N20,nominal,2.0NRT,268.35,1.18,N
51.02814,2.26867,310.71,0.54,0.42,2026-01-18,0230,N20,nominal,2.0NRT,272.36,2.52,N
51.02716,2.26921,315.39,0.54,0.42,2026-01-18,0230,N20,nominal,2.0NRT,272.39,2.64,N
51.68468,-5.03223,300.38,0.38,0.36,2026-01-18,0230,N20,nominal,2.0NRT,281.81,1.5,N
48.98527,1.75803,312.74,0.39,0.44,2026-01-18,0230,N20,nominal,2.0NRT,275.21,1.41,N
48.98411,1.7631,306.76,0.39,0.44,2026-01-18,0230,N20,nominal,2.0NRT,276.69,1.41,N
45.51114,10.24178,297.23,0.57,0.69,2026-01-18,0230,N20,nominal,2.0NRT,268.63,0.83,N
43.34643,-8.435,304.12,0.38,0.36,2026-01-18,0232,N20,nominal,2.0NRT,277.34,0.55,N
40.32984,-1.09506,295.51,0.46,0.47,2026-01-18,0232,N20,nominal,2.0NRT,265.89,0.61,N
39.38335,-3.21007,323.77,0.38,0.43,2026-01-18,0232,N20,nominal,2.0NRT,272.87,1.68,N
40.29006,-8.4197,298.02,0.39,0.36,2026-01-18,0232,N20,nominal,2.0NRT,276.83,0.82,N
38.88371,-3.71937,312.86,0.56,0.43,2026-01-18,0232,N20,nominal,2.0NRT,271.55,2.28,N
39.6857,-8.9057,306.2,0.39,0.36,2026-01-18,0232,N20,nominal,2.0NRT,277.52,1.21,N
38.06558,-3.31999,295.99,0.4,0.44,2026-01-18,0232,N20,nominal,2.0NRT,271.35,0.76,N
38.92324,-9.00965,306.6,0.39,0.36,2026-01-18,0234,N20,nominal,2.0NRT,277.97,0.86,N
38.91996,-9.01054,301.14,0.39,0.36,2026-01-18,0234,N20,nominal,2.0NRT,279.78,0.86,N
37.7857,-3.60376,316.6,0.4,0.44,2026-01-18,0234,N20,nominal,2.0NRT,270.58,1.4,N
38.50074,-8.93581,301.7,0.39,0.36,2026-01-18,0234,N20,nominal,2.0NRT,276.92,0.85,N
36.12592,1.23973,295.27,0.39,0.59,2026-01-18,0234,N20,nominal,2.0NRT,277.21,1.01,N
36.78183,-2.78064,303,0.46,0.47,2026-01-18,0234,N20,nominal,2.0NRT,275.77,1.29,N
37.95415,-8.79725,297.3,0.39,0.36,2026-01-18,0234,N20,nominal,2.0NRT,276.04,1.02,N
36.71734,-2.69527,298.2,0.46,0.47,2026-01-18,0234,N20,nominal,2.0NRT,275.04,0.9,N
35.81172,-0.25753,336.83,0.33,0.55,2026-01-18,0234,N20,nominal,2.0NRT,278.15,3,N
35.81085,-0.25405,320.75,0.33,0.55,2026-01-18,0234,N20,nominal,2.0NRT,278.1,2.69,N
35.81519,-0.27141,310.97,0.33,0.55,2026-01-18,0234,N20,nominal,2.0NRT,277.46,1.11,N
35.81435,-0.26804,306.73,0.33,0.55,2026-01-18,0234,N20,nominal,2.0NRT,278.99,1.17,N
35.7712,-0.26614,296,0.33,0.55,2026-01-18,0234,N20,nominal,2.0NRT,283.15,1.21,N
35.7606,-0.26647,313.55,0.33,0.55,2026-01-18,0234,N20,nominal,2.0NRT,278.72,1.07,N
35.76194,-0.27057,298.56,0.33,0.55,2026-01-18,0234,N20,nominal,2.0NRT,278.19,1.26,N
35.76109,-0.26712,313.16,0.33,0.55,2026-01-18,0234,N20,nominal,2.0NRT,277.77,2.06,N
35.53046,-0.27893,300.73,0.33,0.55,2026-01-18,0234,N20,nominal,2.0NRT,277.33,1.31,N
35.45822,-0.39625,295.61,0.33,0.55,2026-01-18,0234,N20,nominal,2.0NRT,277.25,0.85,N
35.4592,-0.39757,303.22,0.33,0.55,2026-01-18,0234,N20,nominal,2.0NRT,276.69,0.99,N
35.31396,-1.34503,301.17,0.59,0.53,2026-01-18,0234,N20,nominal,2.0NRT,277.83,1.02,N
34.7986,0.32762,300.51,0.37,0.58,2026-01-18,0234,N20,nominal,2.0NRT,273.45,0.84,N
65.77219,24.18348,301.06,0.72,0.75,2026-01-18,0404,N20,nominal,2.0NRT,267.31,2.99,N
65.56844,22.22802,298.92,0.7,0.75,2026-01-18,0404,N20,nominal,2.0NRT,265.69,3.39,N
65.56535,22.21301,325.55,0.7,0.75,2026-01-18,0404,N20,nominal,2.0NRT,270.64,3.39,N
36.76888,34.92043,333.34,0.41,0.37,2026-01-18,1032,N20,nominal,2.0NRT,287.77,3,D
37.70272,27.43718,331.11,0.55,0.51,2026-01-18,1032,N20,nominal,2.0NRT,281.7,3.63,D
41.08539,23.43807,335.74,0.36,0.57,2026-01-18,1034,N20,nominal,2.0NRT,281.29,2.1,D
41.09844,23.3814,338.03,0.36,0.58,2026-01-18,1034,N20,nominal,2.0NRT,281.57,2.63,D
48.60825,21.18237,329.53,0.56,0.52,2026-01-18,1036,N20,nominal,2.0NRT,276.3,4.3,D
48.60494,21.18218,325.06,0.56,0.52,2026-01-18,1036,N20,nominal,2.0NRT,274.61,4.49,D
37.16477,22.00441,340.19,0.33,0.55,2026-01-18,1212,N20,nominal,2.0NRT,285.53,2.3,D
38.34748,28.59752,329,0.78,0.78,2026-01-18,1214,N20,nominal,2.0NRT,281.82,5.55,D
38.34944,28.60092,339.59,0.78,0.78,2026-01-18,1214,N20,nominal,2.0NRT,282.27,6.14,D
35.80601,-0.25431,328.64,0.41,0.6,2026-01-18,1214,N20,nominal,2.0NRT,287.6,1.81,D
35.81321,-0.27157,325.07,0.41,0.61,2026-01-18,1214,N20,nominal,2.0NRT,285.78,1.76,D
42.71457,24.17411,333.09,0.48,0.65,2026-01-18,1214,N20,nominal,2.0NRT,276.96,3.19,D
48.27468,14.34007,341.49,0.55,0.43,2026-01-18,1216,N20,nominal,2.0NRT,282.86,9.43,D
35.8136,-0.26406,367,0.48,0.65,2026-01-18,1354,N20,high,2.0NRT,292.54,49.94,D
37.56762,32.85512,334.15,0.42,0.61,2026-01-18,2252,N20,nominal,2.0NRT,269.41,4.05,N
36.87244,34.76145,311.11,0.33,0.55,2026-01-18,2252,N20,nominal,2.0NRT,275.25,1.1,N
66.31062,14.16988,301.26,0.34,0.56,2026-01-19,0026,N20,nominal,2.0NRT,269.66,0.88,N
65.56477,22.22635,349.51,0.4,0.44,2026-01-19,0026,N20,nominal,2.0NRT,268.12,18.88,N
64.66508,21.28027,339.13,0.41,0.45,2026-01-19,0026,N20,nominal,2.0NRT,269.3,4.61,N
52.84721,29.98938,328.36,0.43,0.38,2026-01-19,0028,N20,nominal,2.0NRT,256.36,12.22,N
51.89167,29.34227,321.44,0.43,0.38,2026-01-19,0028,N20,nominal,2.0NRT,255.72,2.26,N
53.5218,9.89692,330.31,0.41,0.61,2026-01-19,0028,N20,nominal,2.0NRT,272.21,3.25,N
53.52168,9.9033,301.62,0.41,0.61,2026-01-19,0028,N20,nominal,2.0NRT,271.59,2.33,N
53.13987,8.67604,297.47,0.46,0.64,2026-01-19,0028,N20,nominal,2.0NRT,273.57,2.28,N
53.13396,8.67581,328.91,0.46,0.64,2026-01-19,0028,N20,nominal,2.0NRT,274.42,2.28,N
53.13389,8.68292,302.42,0.46,0.64,2026-01-19,0028,N20,nominal,2.0NRT,273.19,2.23,N
53.13382,8.68996,310.45,0.46,0.64,2026-01-19,0028,N20,nominal,2.0NRT,273.71,2.23,N
52.49297,4.60676,305.67,0.68,0.74,2026-01-19,0028,N20,nominal,2.0NRT,273.7,2.34,N
52.20984,8.04468,306.02,0.49,0.65,2026-01-19,0028,N20,nominal,2.0NRT,272.68,1.28,N
52.16341,10.416,322.12,0.38,0.59,2026-01-19,0028,N20,nominal,2.0NRT,275.09,2.6,N
52.15825,10.40412,329.14,0.38,0.59,2026-01-19,0028,N20,nominal,2.0NRT,274.7,2.16,N
52.1584,10.39839,303.27,0.38,0.59,2026-01-19,0028,N20,nominal,2.0NRT,271.86,2.49,N
52.15809,10.40985,298.15,0.38,0.59,2026-01-19,0028,N20,nominal,2.0NRT,271.22,2.16,N
52.15291,10.398,321.78,0.38,0.59,2026-01-19,0028,N20,nominal,2.0NRT,274.05,2.49,N
51.69198,15.97666,309.89,0.44,0.46,2026-01-19,0030,N20,nominal,2.0NRT,268.08,1.45,N
51.68771,15.97585,336.13,0.44,0.46,2026-01-19,0030,N20,nominal,2.0NRT,268.72,12.65,N
51.68722,15.98227,319.63,0.44,0.46,2026-01-19,0030,N20,nominal,2.0NRT,276.41,12.65,N
51.52195,6.96765,319.43,0.54,0.68,2026-01-19,0030,N20,nominal,2.0NRT,273.06,2.35,N
51.17823,16.10956,319.93,0.43,0.46,2026-01-19,0030,N20,nominal,2.0NRT,269.18,1.5,N
51.17879,16.11128,312.41,0.43,0.46,2026-01-19,0030,N20,nominal,2.0NRT,268.96,2.03,N
51.51925,6.96643,305.07,0.54,0.68,2026-01-19,0030,N20,nominal,2.0NRT,271.21,2.09,N
51.51924,6.97427,300.24,0.54,0.68,2026-01-19,0030,N20,nominal,2.0NRT,271.14,1.9,N
51.50022,6.7244,295.85,0.55,0.68,2026-01-19,0030,N20,nominal,2.0NRT,275.82,2.58,N
51.49388,6.73272,318.83,0.55,0.68,2026-01-19,0030,N20,nominal,2.0NRT,274.78,3.25,N
51.48747,6.70826,295.12,0.55,0.68,2026-01-19,0030,N20,nominal,2.0NRT,274.55,3.19,N
51.48113,6.71632,316.3,0.55,0.68,2026-01-19,0030,N20,nominal,2.0NRT,273.06,2.69,N
51.4621,6.73246,319.61,0.55,0.68,2026-01-19,0030,N20,nominal,2.0NRT,272.26,2.85,N
51.37108,6.69991,302.09,0.55,0.68,2026-01-19,0030,N20,nominal,2.0NRT,276.62,1.86,N
51.36472,6.70001,302.58,0.55,0.68,2026-01-19,0030,N20,nominal,2.0NRT,272.39,1.86,N
51.36474,6.70816,305.12,0.55,0.68,2026-01-19,0030,N20,nominal,2.0NRT,274.29,3.29,N
51.1754,3.80377,339.76,0.74,0.76,2026-01-19,0030,N20,nominal,2.0NRT,277.81,8.51,N
51.16831,3.80416,304.69,0.74,0.76,2026-01-19,0030,N20,nominal,2.0NRT,273.17,2.38,N
51.1722,3.80717,328.61,0.73,0.76,2026-01-19,0030,N20,nominal,2.0NRT,275.68,5.74,N
51.17192,3.79609,312.12,0.74,0.76,2026-01-19,0030,N20,nominal,2.0NRT,274.73,5.74,N
51.1651,3.80751,300.34,0.73,0.76,2026-01-19,0030,N20,nominal,2.0NRT,271.98,1.7,N
50.41809,18.14835,298.62,0.53,0.42,2026-01-19,0030,N20,nominal,2.0NRT,267.07,2.3,N
50.76439,5.66616,295.78,0.61,0.71,2026-01-19,0030,N20,nominal,2.0NRT,272.36,1.01,N
49.68137,18.66443,304.22,0.5,0.41,2026-01-19,0030,N20,nominal,2.0NRT,268.02,9.32,N
49.67837,18.65664,325.58,0.5,0.41,2026-01-19,0030,N20,nominal,2.0NRT,266.13,11.65,N
49.67765,18.66348,304.2,0.5,0.41,2026-01-19,0030,N20,nominal,2.0NRT,277.81,9.32,N
48.60839,21.17736,328.31,0.41,0.37,2026-01-19,0030,N20,nominal,2.0NRT,268.62,2.86,N
48.27913,14.3364,346.63,0.48,0.48,2026-01-19,0030,N20,nominal,2.0NRT,274.95,12.33,N
48.2747,14.33568,336.12,0.48,0.48,2026-01-19,0030,N20,nominal,2.0NRT,273.68,5.29,N
48.26189,14.32689,302.92,0.48,0.48,2026-01-19,0030,N20,nominal,2.0NRT,269.93,1.03,N
44.83131,20.6944,302.65,0.4,0.37,2026-01-19,0032,N20,nominal,2.0NRT,263.17,0.85,N
44.86617,13.82779,296.38,0.46,0.47,2026-01-19,0032,N20,nominal,2.0NRT,279.07,0.58,N
42.71653,24.17297,320.05,0.41,0.37,2026-01-19,0032,N20,nominal,2.0NRT,268.38,2.14,N
41.50131,19.74471,304.03,0.39,0.36,2026-01-19,0032,N20,nominal,2.0NRT,273.51,0.99,N
37.56868,32.85894,327.62,0.43,0.62,2026-01-19,0032,N20,nominal,2.0NRT,274.06,4.94,N
38.75076,26.93712,308.17,0.4,0.44,2026-01-19,0032,N20,nominal,2.0NRT,273.03,2.12,N
38.74396,26.94902,317.62,0.4,0.44,2026-01-19,0032,N20,nominal,2.0NRT,274.94,0.96,N
38.74002,26.94763,300.35,0.4,0.44,2026-01-19,0032,N20,nominal,2.0NRT,274.68,0.96,N
38.73989,26.92864,300.92,0.39,0.44,2026-01-19,0032,N20,nominal,2.0NRT,276.62,0.87,N
38.73609,26.94625,306.65,0.4,0.44,2026-01-19,0032,N20,nominal,2.0NRT,279.31,1.33,N
38.42545,27.21371,300.41,0.41,0.45,2026-01-19,0032,N20,nominal,2.0NRT,272.98,0.85,N
38.08596,23.74899,332.8,0.45,0.39,2026-01-19,0032,N20,nominal,2.0NRT,278.41,3.6,N
38.08247,23.74795,301.37,0.45,0.39,2026-01-19,0032,N20,nominal,2.0NRT,274.77,3.6,N
43.52574,-5.7348,331.61,0.41,0.37,2026-01-19,0210,N20,nominal,2.0NRT,265.75,2.47,N
43.53877,-5.82998,300.82,0.41,0.37,2026-01-19,0210,N20,nominal,2.0NRT,263.42,1.43,N
43.52505,-5.72982,311.91,0.41,0.37,2026-01-19,0210,N20,nominal,2.0NRT,264.41,2.47,N
39.93821,-3.74681,299.66,0.39,0.36,2026-01-19,0213,N20,nominal,2.0NRT,271.98,1.09,N
38.37791,-0.54491,299.02,0.49,0.4,2026-01-19,0213,N20,nominal,2.0NRT,276.93,1.14,N
35.81544,-0.2705,308.95,0.55,0.43,2026-01-19,0213,N20,nominal,2.0NRT,279.73,1.49,N
35.80291,-0.21078,299.32,0.56,0.43,2026-01-19,0213,N20,nominal,2.0NRT,281.38,1.69,N
35.81163,-0.27183,297.2,0.55,0.43,2026-01-19,0213,N20,nominal,2.0NRT,279.05,0.93,N
35.80914,-0.2599,318.31,0.55,0.43,2026-01-19,0213,N20,nominal,2.0NRT,279.66,1.28,N
35.80788,-0.25391,300.02,0.55,0.43,2026-01-19,0213,N20,nominal,2.0NRT,279.25,1.28,N
35.80536,-0.24194,296.8,0.55,0.43,2026-01-19,0213,N20,nominal,2.0NRT,281.01,1.42,N
35.81507,-0.2705,320.66,0.55,0.43,2026-01-19,0213,N20,nominal,2.0NRT,279.69,2.55,N
35.80287,-0.21061,295.19,0.56,0.43,2026-01-19,0213,N20,nominal,2.0NRT,280.73,1.36,N
35.80883,-0.25987,312,0.55,0.43,2026-01-19,0213,N20,nominal,2.0NRT,279.46,1.89,N
35.80761,-0.25386,301.76,0.55,0.43,2026-01-19,0213,N20,nominal,2.0NRT,279.22,2.23,N
35.80516,-0.24186,297.16,0.55,0.43,2026-01-19,0213,N20,nominal,2.0NRT,280.99,1.62,N
35.76937,-0.26623,306.16,0.55,0.43,2026-01-19,0213,N20,nominal,2.0NRT,282.55,2.39,N
35.76432,-0.26152,296.04,0.55,0.43,2026-01-19,0213,N20,nominal,2.0NRT,280.75,1.39,N
35.76171,-0.26865,297.05,0.55,0.43,2026-01-19,0213,N20,nominal,2.0NRT,279.78,1.39,N
35.53336,-0.27256,295.03,0.56,0.43,2026-01-19,0213,N20,nominal,2.0NRT,277.51,1.33,N
35.53075,-0.27974,295.77,0.56,0.43,2026-01-19,0213,N20,nominal,2.0NRT,276.68,1.06,N
35.31266,-1.34189,303.55,0.5,0.41,2026-01-19,0213,N20,nominal,2.0NRT,279.22,0.81,N
66.31351,14.15926,321.64,0.4,0.37,2026-01-19,0206,N20,nominal,2.0NRT,266.4,2.13,N
66.31035,14.17555,302.26,0.4,0.37,2026-01-19,0206,N20,nominal,2.0NRT,268.75,0.96,N
64.66406,21.28137,312.5,0.38,0.43,2026-01-19,0206,N20,nominal,2.0NRT,267.26,1.98,N
58.35887,12.37695,312.13,0.53,0.42,2026-01-19,0208,N20,nominal,2.0NRT,271.4,2.2,N
58.33921,11.4176,334.47,0.5,0.41,2026-01-19,0208,N20,nominal,2.0NRT,272.22,5.76,N
57.06132,9.97483,320.74,0.49,0.4,2026-01-19,0208,N20,nominal,2.0NRT,277.06,3.36,N
53.10714,14.22044,296.56,0.59,0.53,2026-01-19,0210,N20,nominal,2.0NRT,267.35,1,N
53.52301,9.8996,307.98,0.4,0.44,2026-01-19,0210,N20,nominal,2.0NRT,273.13,2.13,N
53.52151,9.90449,313.43,0.4,0.44,2026-01-19,0210,N20,nominal,2.0NRT,272.6,1.21,N
52.1743,14.61267,298.24,0.33,0.55,2026-01-19,0210,N20,nominal,2.0NRT,272.21,0.57,N
52.16841,14.61341,300.41,0.33,0.55,2026-01-19,0210,N20,nominal,2.0NRT,269.84,0.55,N
51.68966,15.98135,335.78,0.38,0.59,2026-01-19,0210,N20,nominal,2.0NRT,270.63,3.9,N
52.40106,12.49808,335.39,0.53,0.5,2026-01-19,0210,N20,nominal,2.0NRT,273.89,5.03,N
53.45391,7.62628,302.67,0.5,0.41,2026-01-19,0210,N20,nominal,2.0NRT,272.67,1.08,N
50.53617,17.97544,296.2,0.5,0.66,2026-01-19,0210,N20,nominal,2.0NRT,269.12,0.82,N
53.14164,8.67763,310.38,0.55,0.43,2026-01-19,0210,N20,nominal,2.0NRT,272.61,2.4,N
53.1343,8.69081,322.19,0.55,0.43,2026-01-19,0210,N20,nominal,2.0NRT,273.76,3.96,N
53.13424,8.67291,297.42,0.55,0.43,2026-01-19,0210,N20,nominal,2.0NRT,273,0.99,N
53.12641,8.68906,297.14,0.55,0.43,2026-01-19,0210,N20,nominal,2.0NRT,274.76,1.12,N
52.31147,10.27069,299.29,0.44,0.46,2026-01-19,0210,N20,nominal,2.0NRT,270.32,0.67,N
52.16505,10.4294,303.44,0.45,0.47,2026-01-19,0210,N20,nominal,2.0NRT,271.51,1.93,N
52.16417,10.41443,296.04,0.45,0.47,2026-01-19,0210,N20,nominal,2.0NRT,270.59,0.84,N
52.16016,10.41173,324.62,0.45,0.47,2026-01-19,0210,N20,nominal,2.0NRT,273.26,5.48,N
52.15772,10.40288,337.45,0.45,0.47,2026-01-19,0210,N20,nominal,2.0NRT,275.79,5.48,N
52.15372,10.40016,337.62,0.45,0.47,2026-01-19,0210,N20,nominal,2.0NRT,275.77,5.02,N
52.49214,4.6138,307.29,0.43,0.38,2026-01-19,0210,N20,nominal,2.0NRT,275.12,1.39,N
52.4823,4.58828,300.64,0.43,0.38,2026-01-19,0210,N20,nominal,2.0NRT,274.88,1.89,N
51.49757,6.74196,329.68,0.52,0.41,2026-01-19,0210,N20,nominal,2.0NRT,276.55,6.71,N
51.49551,6.73278,326.33,0.52,0.41,2026-01-19,0210,N20,nominal,2.0NRT,274.68,3.65,N
51.49032,6.73785,325.36,0.52,0.41,2026-01-19,0210,N20,nominal,2.0NRT,273.58,2.49,N
51.48573,6.7032,328.32,0.52,0.41,2026-01-19,0210,N20,nominal,2.0NRT,276.18,4.26,N
51.48416,6.7103,316.72,0.52,0.41,2026-01-19,0210,N20,nominal,2.0NRT,274.77,4.26,N
51.48259,6.71744,304.74,0.52,0.41,2026-01-19,0210,N20,nominal,2.0NRT,273.56,2.55,N
51.46181,6.73768,326.21,0.52,0.42,2026-01-19,0210,N20,nominal,2.0NRT,272.92,4.12,N
51.36704,6.70822,327.21,0.52,0.42,2026-01-19,0210,N20,nominal,2.0NRT,277.91,4.36,N
51.36861,6.70111,295.29,0.52,0.42,2026-01-19,0210,N20,nominal,2.0NRT,275.85,1.06,N
51.16743,4.33055,295.43,0.45,0.39,2026-01-19,0210,N20,nominal,2.0NRT,275.6,1.12,N
51.17583,3.81568,303.81,0.43,0.38,2026-01-19,0210,N20,nominal,2.0NRT,273.35,1.54,N
51.17363,3.80805,350.44,0.43,0.38,2026-01-19,0210,N20,nominal,2.0NRT,283.53,5.86,N
51.17479,3.80209,314.1,0.43,0.38,2026-01-19,0210,N20,nominal,2.0NRT,274.79,2.95,N
51.16909,3.81235,342.25,0.43,0.38,2026-01-19,0210,N20,nominal,2.0NRT,277.32,5.86,N
51.17025,3.80638,313.6,0.43,0.38,2026-01-19,0210,N20,nominal,2.0NRT,276.72,5.86,N
51.16688,3.80472,313.51,0.43,0.38,2026-01-19,0210,N20,nominal,2.0NRT,275.3,2.23,N
48.27774,14.33686,367,0.43,0.62,2026-01-19,0210,N20,high,2.0NRT,277.57,6.56,N
48.27941,14.33157,305.31,0.43,0.62,2026-01-19,0210,N20,nominal,2.0NRT,271.96,3.92,N
48.27608,14.34217,297.41,0.43,0.62,2026-01-19,0210,N20,nominal,2.0NRT,269.98,6.56,N
48.2759,14.32262,300.48,0.43,0.62,2026-01-19,0210,N20,nominal,2.0NRT,270.42,3.92,N
48.26223,14.32588,300.92,0.43,0.62,2026-01-19,0210,N20,nominal,2.0NRT,268,1.7,N
50.41009,4.41593,304.76,0.46,0.39,2026-01-19,0210,N20,nominal,2.0NRT,267.86,0.82,N
46.22949,13.07369,301.35,0.44,0.62,2026-01-19,0210,N20,nominal,2.0NRT,276.61,1.08,N
48.38784,2.98225,303.84,0.45,0.39,2026-01-19,0210,N20,nominal,2.0NRT,271.28,0.96,N
45.75282,12.613,302.53,0.44,0.62,2026-01-19,0213,N20,nominal,2.0NRT,270.53,0.78,N
66.3112,14.16934,295.34,0.39,0.6,2026-01-19,0346,N20,nominal,2.0NRT,268.96,0.87,N
37.80117,28.04285,328.76,0.4,0.6,2026-01-19,1153,N20,nominal,2.0NRT,283.13,2.23,D
37.83669,28.08829,344.52,0.4,0.6,2026-01-19,1153,N20,nominal,2.0NRT,283.03,3.47,D
37.85209,28.17026,330.91,0.4,0.6,2026-01-19,1153,N20,nominal,2.0NRT,281.42,2.18,D
38.39351,28.49977,332.11,0.42,0.61,2026-01-19,1153,N20,nominal,2.0NRT,283.28,2.09,D
39.92358,26.21338,328.31,0.33,0.55,2026-01-19,1153,N20,nominal,2.0NRT,278.92,1.6,D
41.0328,23.41105,336.17,0.48,0.48,2026-01-19,1153,N20,nominal,2.0NRT,282.09,3.58,D
41.10113,23.32502,329.06,0.48,0.48,2026-01-19,1153,N20,nominal,2.0NRT,281.83,4.64,D
43.90419,15.81674,332.45,0.4,0.37,2026-01-19,1155,N20,nominal,2.0NRT,282.1,3.48,D
45.25626,31.67727,352.6,0.68,0.74,2026-01-19,1155,N20,nominal,2.0NRT,278.49,8.2,D
44.29884,15.0698,341.95,0.39,0.36,2026-01-19,1155,N20,nominal,2.0NRT,284.11,6.25,D
45.75119,12.61468,333.71,0.39,0.36,2026-01-19,1155,N20,nominal,2.0NRT,285.92,16.55,D
48.27462,14.33715,346.99,0.4,0.37,2026-01-19,1157,N20,nominal,2.0NRT,284.88,12.47,D
51.17672,16.11224,329.33,0.47,0.39,2026-01-19,1157,N20,nominal,2.0NRT,276.21,3.74,D
51.36636,6.70667,336.73,0.44,0.38,2026-01-19,1157,N20,nominal,2.0NRT,281.3,3.97,D
51.45864,6.73823,330.08,0.43,0.38,2026-01-19,1157,N20,nominal,2.0NRT,278.35,3.11,D
51.4811,6.72054,333.42,0.43,0.38,2026-01-19,1157,N20,nominal,2.0NRT,281.94,8.91,D
51.49133,6.73527,327.45,0.43,0.38,2026-01-19,1157,N20,nominal,2.0NRT,279.85,8.56,D
52.15105,10.40425,337.79,0.38,0.36,2026-01-19,1157,N20,nominal,2.0NRT,281.01,5.88,D
52.15515,10.40842,341.36,0.38,0.36,2026-01-19,1157,N20,nominal,2.0NRT,278.9,5.19,D
52.15429,10.40291,332.69,0.38,0.36,2026-01-19,1157,N20,nominal,2.0NRT,279.19,5.88,D
52.1601,10.41809,334.29,0.38,0.36,2026-01-19,1157,N20,nominal,2.0NRT,280.55,4.61,D
51.17168,3.81015,333.44,0.54,0.42,2026-01-19,1157,N20,nominal,2.0NRT,267.19,5.8,D
51.17318,3.80928,332.41,0.54,0.42,2026-01-19,1157,N20,nominal,2.0NRT,266.69,4.17,D
51.04599,2.29561,331.01,0.41,0.45,2026-01-19,1157,N20,nominal,2.0NRT,271.65,4.03,D
53.13536,8.69322,326.84,0.39,0.36,2026-01-19,1157,N20,nominal,2.0NRT,279.6,3.08,D
53.13348,8.68189,337.53,0.39,0.36,2026-01-19,1157,N20,nominal,2.0NRT,279.31,4.62,D
53.51257,10.03577,328.39,0.38,0.36,2026-01-19,1157,N20,nominal,2.0NRT,276.96,1.91,D
51.04585,2.30015,339.16,0.46,0.64,2026-01-19,1340,N20,nominal,2.0NRT,269.86,4.82,D
51.17114,3.81319,334.37,0.54,0.68,2026-01-19,1340,N20,nominal,2.0NRT,268.48,6.78,D
42.71487,24.16882,308.73,0.41,0.37,2026-01-20,0011,N20,nominal,2.0NRT,267.33,2.18,N
42.7142,24.17376,314.11,0.41,0.37,2026-01-20,0011,N20,nominal,2.0NRT,266.71,1.47,N
42.5313,19.38075,299.73,0.4,0.44,2026-01-20,0011,N20,nominal,2.0NRT,271.22,0.68,N
42.52422,19.36744,301.4,0.4,0.44,2026-01-20,0011,N20,nominal,2.0NRT,271.59,1.86,N
41.01518,27.96187,306.19,0.4,0.37,2026-01-20,0011,N20,nominal,2.0NRT,272.41,1.15,N
39.86776,26.24242,303.38,0.39,0.36,2026-01-20,0013,N20,nominal,2.0NRT,273.19,0.81,N
39.11499,27.52172,302.09,0.41,0.37,2026-01-20,0013,N20,nominal,2.0NRT,273.58,0.97,N
39.11417,27.52631,298.36,0.41,0.37,2026-01-20,0013,N20,nominal,2.0NRT,272.96,0.82,N
39.09237,27.51008,298.97,0.41,0.37,2026-01-20,0013,N20,nominal,2.0NRT,273.25,0.68,N
39.09155,27.51474,295.66,0.41,0.37,2026-01-20,0013,N20,nominal,2.0NRT,272.49,0.68,N
38.74811,26.94967,295.69,0.4,0.37,2026-01-20,0013,N20,nominal,2.0NRT,271.68,0.52,N
38.74479,26.94872,301.59,0.4,0.37,2026-01-20,0013,N20,nominal,2.0NRT,272.65,1.02,N
38.74242,26.96233,301.11,0.4,0.37,2026-01-20,0013,N20,nominal,2.0NRT,274.97,0.81,N
38.74146,26.94777,300.84,0.4,0.37,2026-01-20,0013,N20,nominal,2.0NRT,274.21,1.02,N
38.73893,26.94229,296.32,0.4,0.37,2026-01-20,0013,N20,nominal,2.0NRT,275.38,1.13,N
38.73814,26.94683,319.01,0.4,0.37,2026-01-20,0013,N20,nominal,2.0NRT,277.77,2.38,N
38.73796,26.92777,308.47,0.4,0.37,2026-01-20,0013,N20,nominal,2.0NRT,275.66,1.02,N
38.73718,26.93229,299.75,0.4,0.37,2026-01-20,0013,N20,nominal,2.0NRT,273.38,1.02,N
38.73054,26.93039,309.18,0.4,0.37,2026-01-20,0013,N20,nominal,2.0NRT,271.51,1.03,N
38.72565,26.93841,302.5,0.4,0.37,2026-01-20,0013,N20,nominal,2.0NRT,271.1,0.51,N
38.42559,27.21643,307.49,0.41,0.37,2026-01-20,0013,N20,nominal,2.0NRT,274.96,1.31,N
57.70966,11.81532,313.09,0.55,0.68,2026-01-20,0007,N20,nominal,2.0NRT,268.31,1.34,N
57.71415,11.81063,296.83,0.55,0.68,2026-01-20,0007,N20,nominal,2.0NRT,266.99,1.28,N
57.06149,9.96908,295.62,0.64,0.72,2026-01-20,0007,N20,nominal,2.0NRT,271.63,1.31,N
52.19542,34.0975,328.94,0.42,0.38,2026-01-20,0009,N20,nominal,2.0NRT,258.72,3.59,N
53.52375,9.89755,316.01,0.65,0.73,2026-01-20,0009,N20,nominal,2.0NRT,270.54,2.81,N
53.51329,10.02796,296.41,0.64,0.72,2026-01-20,0009,N20,nominal,2.0NRT,269.77,1.16,N
52.46128,28.48764,324.99,0.4,0.37,2026-01-20,0009,N20,nominal,2.0NRT,255.62,6.8,N
53.52236,9.89315,317.27,0.65,0.73,2026-01-20,0009,N20,nominal,2.0NRT,270.34,3.6,N
53.51159,10.03351,300.83,0.64,0.72,2026-01-20,0009,N20,nominal,2.0NRT,270.8,1.2,N
53.14093,8.66876,301.26,0.73,0.76,2026-01-20,0009,N20,nominal,2.0NRT,270.19,1.64,N
53.13387,8.66923,296.14,0.73,0.76,2026-01-20,0009,N20,nominal,2.0NRT,270.87,1.64,N
53.13422,8.68055,302.96,0.73,0.76,2026-01-20,0009,N20,nominal,2.0NRT,272.08,1.64,N
51.89316,29.34016,326.58,0.39,0.36,2026-01-20,0009,N20,nominal,2.0NRT,261.75,3.2,N
52.40423,12.49483,306.29,0.5,0.66,2026-01-20,0009,N20,nominal,2.0NRT,271.63,1.01,N
52.39839,12.49126,301.88,0.5,0.66,2026-01-20,0009,N20,nominal,2.0NRT,269.22,2.02,N
52.31417,10.2437,295.99,0.62,0.72,2026-01-20,0009,N20,nominal,2.0NRT,268.65,0.83,N
52.16364,10.4126,297.07,0.61,0.71,2026-01-20,0009,N20,nominal,2.0NRT,271.12,3.14,N
52.15676,10.39437,317.65,0.61,0.71,2026-01-20,0009,N20,nominal,2.0NRT,273.02,3.88,N
52.15689,10.40358,315.12,0.61,0.71,2026-01-20,0009,N20,nominal,2.0NRT,271.33,3.88,N
52.15013,10.39464,319.58,0.61,0.71,2026-01-20,0009,N20,nominal,2.0NRT,269.54,2.6,N
50.41665,18.13625,301.46,0.55,0.51,2026-01-20,0009,N20,nominal,2.0NRT,269.26,1.13,N
47.86005,33.4473,325.62,0.47,0.4,2026-01-20,0009,N20,nominal,2.0NRT,258.66,3.24,N
49.68145,18.65085,306.57,0.52,0.5,2026-01-20,0009,N20,nominal,2.0NRT,268.81,2.08,N
49.6805,18.66526,302.3,0.52,0.5,2026-01-20,0009,N20,nominal,2.0NRT,269.74,22.71,N
48.60525,21.17823,337.3,0.39,0.44,2026-01-20,0009,N20,nominal,2.0NRT,264.77,3.89,N
48.27875,14.33097,320.45,0.4,0.6,2026-01-20,0011,N20,nominal,2.0NRT,268.68,2.94,N
48.27858,14.33639,333.11,0.4,0.6,2026-01-20,0011,N20,nominal,2.0NRT,271.21,2.94,N
48.27303,14.33599,310.44,0.4,0.6,2026-01-20,0011,N20,nominal,2.0NRT,268.14,1.43,N
47.38143,15.06881,327.27,0.36,0.57,2026-01-20,0011,N20,nominal,2.0NRT,267.1,2.04,N
45.25998,31.67368,333.91,0.45,0.39,2026-01-20,0011,N20,nominal,2.0NRT,284,9.59,N
45.2565,31.67231,322.56,0.45,0.39,2026-01-20,0011,N20,nominal,2.0NRT,280.1,2.39,N
45.37456,30.92903,320.82,0.43,0.38,2026-01-20,0011,N20,nominal,2.0NRT,280.46,1.73,N
45.35722,30.90521,322.8,0.43,0.38,2026-01-20,0011,N20,nominal,2.0NRT,279.77,1.6,N
45.35382,30.90391,314.26,0.43,0.38,2026-01-20,0011,N20,nominal,2.0NRT,279.83,2.19,N
59.64758,6.36289,302.03,0.4,0.37,2026-01-20,0149,N20,nominal,2.0NRT,270.15,0.84,N
58.28086,6.88937,296.28,0.39,0.36,2026-01-20,0149,N20,nominal,2.0NRT,269.54,3.48,N
58.27761,6.88764,333.97,0.39,0.36,2026-01-20,0149,N20,nominal,2.0NRT,273.77,3.48,N
58.27666,6.89417,301.01,0.39,0.36,2026-01-20,0149,N20,nominal,2.0NRT,269.7,3.48,N
57.0629,9.97705,323.47,0.4,0.37,2026-01-20,0149,N20,nominal,2.0NRT,273.87,2.55,N
53.51157,10.03725,333.6,0.43,0.38,2026-01-20,0149,N20,nominal,2.0NRT,274.67,4.19,N
53.52295,9.90465,310.55,0.43,0.38,2026-01-20,0149,N20,nominal,2.0NRT,270.44,1.63,N
52.17356,14.61454,295.45,0.43,0.46,2026-01-20,0149,N20,nominal,2.0NRT,270.54,0.69,N
51.68923,15.97859,340.63,0.5,0.49,2026-01-20,0149,N20,nominal,2.0NRT,269.24,6.23,N
53.14024,8.67718,318.66,0.41,0.37,2026-01-20,0149,N20,nominal,2.0NRT,273.64,2.21,N
53.13472,8.68734,327.77,0.41,0.37,2026-01-20,0149,N20,nominal,2.0NRT,274.28,3.11,N
53.13253,8.6797,307.03,0.41,0.37,2026-01-20,0149,N20,nominal,2.0NRT,273.4,1.89,N
53.13034,8.67206,325.29,0.41,0.37,2026-01-20,0149,N20,nominal,2.0NRT,271.73,3.48,N
53.12923,8.678,298.03,0.41,0.37,2026-01-20,0149,N20,nominal,2.0NRT,272.24,1.89,N
53.12482,8.68223,310.19,0.41,0.37,2026-01-20,0149,N20,nominal,2.0NRT,273.29,1.08,N
50.53329,17.97548,297.52,0.33,0.55,2026-01-20,0149,N20,nominal,2.0NRT,270.85,0.92,N
52.31751,10.252,312.32,0.46,0.39,2026-01-20,0149,N20,nominal,2.0NRT,268.43,1.22,N
50.69777,16.63422,324.47,0.57,0.52,2026-01-20,0149,N20,nominal,2.0NRT,270.93,4.41,N
52.16411,10.42722,305.45,0.47,0.39,2026-01-20,0149,N20,nominal,2.0NRT,269.92,1.27,N
52.15991,10.41039,313.99,0.47,0.39,2026-01-20,0149,N20,nominal,2.0NRT,270.32,2.7,N
52.15781,10.40196,325.23,0.47,0.39,2026-01-20,0149,N20,nominal,2.0NRT,273.16,7.38,N
52.15644,10.40847,317.2,0.47,0.39,2026-01-20,0149,N20,nominal,2.0NRT,270.34,2.7,N
52.15435,10.40005,331.21,0.47,0.39,2026-01-20,0149,N20,nominal,2.0NRT,274.12,5.05,N
52.15298,10.40657,304.1,0.47,0.39,2026-01-20,0149,N20,nominal,2.0NRT,269.58,2.72,N
52.15089,10.39813,333.97,0.47,0.39,2026-01-20,0149,N20,nominal,2.0NRT,272.12,5.05,N
52.15708,10.40168,326.56,0.47,0.39,2026-01-20,0149,N20,nominal,2.0NRT,275.24,5.52,N
52.15573,10.40821,321.68,0.47,0.39,2026-01-20,0149,N20,nominal,2.0NRT,271.46,5.52,N
52.15361,10.39977,343.95,0.47,0.39,2026-01-20,0149,N20,nominal,2.0NRT,276.16,5.52,N
52.15226,10.4063,304.54,0.47,0.39,2026-01-20,0149,N20,nominal,2.0NRT,268.99,5.52,N
53.63445,-0.24672,307.04,0.48,0.4,2026-01-20,0149,N20,nominal,2.0NRT,283.15,1.85,N
52.46698,7.31755,303.55,0.4,0.37,2026-01-20,0151,N20,nominal,2.0NRT,273.01,1,N
49.6786,18.65713,303.49,0.37,0.58,2026-01-20,0151,N20,nominal,2.0NRT,268.74,2.02,N
52.20839,8.04556,303.78,0.41,0.37,2026-01-20,0151,N20,nominal,2.0NRT,271.43,0.95,N
51.50711,6.73879,302.72,0.4,0.37,2026-01-20,0151,N20,nominal,2.0NRT,276.53,0.87,N
51.50385,6.7373,302.98,0.4,0.37,2026-01-20,0151,N20,nominal,2.0NRT,274.73,0.87,N
51.50254,6.72473,296.83,0.4,0.37,2026-01-20,0151,N20,nominal,2.0NRT,277.77,1.19,N
51.49634,6.73989,326.9,0.4,0.37,2026-01-20,0151,N20,nominal,2.0NRT,277.68,3.3,N
51.49406,6.73285,325.46,0.4,0.37,2026-01-20,0151,N20,nominal,2.0NRT,273.61,1.86,N
51.49308,6.7384,318.39,0.4,0.37,2026-01-20,0151,N20,nominal,2.0NRT,276.69,1.86,N
51.48981,6.73692,295.7,0.4,0.37,2026-01-20,0151,N20,nominal,2.0NRT,271.81,1.86,N
51.48493,6.70471,333.18,0.4,0.37,2026-01-20,0151,N20,nominal,2.0NRT,277.01,2.57,N
51.48395,6.71026,306.93,0.4,0.37,2026-01-20,0151,N20,nominal,2.0NRT,273.91,2.57,N
51.48297,6.71582,301.04,0.4,0.37,2026-01-20,0151,N20,nominal,2.0NRT,272.04,1.44,N
51.48198,6.72137,319.69,0.4,0.37,2026-01-20,0151,N20,nominal,2.0NRT,275.23,1.44,N
51.46401,6.7432,315.83,0.4,0.37,2026-01-20,0151,N20,nominal,2.0NRT,273.52,2.14,N
51.46173,6.73617,322.24,0.4,0.37,2026-01-20,0151,N20,nominal,2.0NRT,272.89,2.27,N
51.36917,6.71065,308.92,0.4,0.37,2026-01-20,0151,N20,nominal,2.0NRT,276.33,1.96,N
51.36721,6.72174,308.25,0.4,0.37,2026-01-20,0151,N20,nominal,2.0NRT,272.26,1.76,N
51.36689,6.70362,329.75,0.4,0.37,2026-01-20,0151,N20,nominal,2.0NRT,276.02,5.41,N
51.36591,6.70917,334.94,0.4,0.37,2026-01-20,0151,N20,nominal,2.0NRT,280.15,5.41,N
51.2981,7.00911,310.11,0.4,0.37,2026-01-20,0151,N20,nominal,2.0NRT,274.35,1.8,N
51.25673,4.33943,301.99,0.38,0.36,2026-01-20,0151,N20,nominal,2.0NRT,281.19,0.94,N
51.1654,4.33066,302.89,0.38,0.36,2026-01-20,0151,N20,nominal,2.0NRT,277.13,0.96,N
51.17447,3.80478,325.11,0.39,0.36,2026-01-20,0151,N20,nominal,2.0NRT,276.49,3.31,N
51.17365,3.81021,342.85,0.39,0.36,2026-01-20,0151,N20,nominal,2.0NRT,281.99,3.31,N
51.17122,3.80353,297.85,0.39,0.36,2026-01-20,0151,N20,nominal,2.0NRT,277.05,3.31,N
51.17039,3.80895,316.51,0.39,0.36,2026-01-20,0151,N20,nominal,2.0NRT,276.09,3.31,N
51.16956,3.81438,310.01,0.39,0.36,2026-01-20,0151,N20,nominal,2.0NRT,274.83,7.26,N
51.16874,3.81981,316.85,0.39,0.36,2026-01-20,0151,N20,nominal,2.0NRT,277.87,7.26,N
51.16631,3.81313,335.84,0.39,0.36,2026-01-20,0151,N20,nominal,2.0NRT,278.62,12.34,N
51.16796,3.80227,301.6,0.39,0.36,2026-01-20,0151,N20,nominal,2.0NRT,275.27,1.77,N
51.16713,3.8077,318.62,0.39,0.36,2026-01-20,0151,N20,nominal,2.0NRT,274.81,1.77,N
51.06974,4.34824,301.41,0.38,0.36,2026-01-20,0151,N20,nominal,2.0NRT,273.14,0.76,N
50.76324,5.67199,308.6,0.39,0.36,2026-01-20,0151,N20,nominal,2.0NRT,273.81,1.04,N
51.6829,-5.03196,297.11,0.46,0.47,2026-01-20,0151,N20,nominal,2.0NRT,281.68,1.38,N
50.41225,4.41563,296.5,0.38,0.36,2026-01-20,0151,N20,nominal,2.0NRT,274.14,0.66,N
48.27871,14.33774,330.87,0.54,0.51,2026-01-20,0151,N20,nominal,2.0NRT,271.72,4.28,N
48.27688,14.34456,312.58,0.54,0.51,2026-01-20,0151,N20,nominal,2.0NRT,268.66,2.65,N
48.27435,14.33512,315.83,0.54,0.51,2026-01-20,0151,N20,nominal,2.0NRT,270.6,4.28,N
48.27537,14.3364,338.74,0.54,0.51,2026-01-20,0151,N20,nominal,2.0NRT,273.09,5.27,N
50.40206,3.55962,305.8,0.39,0.36,2026-01-20,0151,N20,nominal,2.0NRT,269.94,0.62,N
48.51097,10.84943,307.54,0.57,0.43,2026-01-20,0151,N20,nominal,2.0NRT,267.9,1.38,N
46.9004,11.44642,302.7,0.44,0.46,2026-01-20,0151,N20,nominal,2.0NRT,264.96,1.25,N
46.22814,13.0717,297.66,0.54,0.51,2026-01-20,0151,N20,nominal,2.0NRT,267.45,0.89,N
48.01516,0.33401,295.61,0.41,0.37,2026-01-20,0151,N20,nominal,2.0NRT,277.33,0.32,N
45.46358,10.45442,296.4,0.43,0.46,2026-01-20,0151,N20,nominal,2.0NRT,270.88,0.53,N
42.52754,19.37011,299.04,0.68,0.74,2026-01-20,0151,N20,nominal,2.0NRT,270.51,1.19,N
66.31092,14.17407,295.31,0.39,0.36,2026-01-20,0145,N20,nominal,2.0NRT,268.15,0.71,N
43.31697,-3.00372,296.93,0.46,0.39,2026-01-20,0153,N20,nominal,2.0NRT,279.4,0.65,N
43.55306,-5.85786,298.73,0.41,0.45,2026-01-20,0153,N20,nominal,2.0NRT,275.32,1.42,N
43.5526,-5.85278,304.79,0.41,0.45,2026-01-20,0153,N20,nominal,2.0NRT,275.32,0.99,N
43.54253,-5.83381,300.85,0.4,0.45,2026-01-20,0153,N20,nominal,2.0NRT,276.51,0.8,N
43.53843,-5.83455,304.04,0.4,0.45,2026-01-20,0153,N20,nominal,2.0NRT,274.01,1.11,N
43.52884,-5.72966,296.76,0.4,0.44,2026-01-20,0153,N20,nominal,2.0NRT,277.99,1.33,N
43.52521,-5.73524,310.02,0.4,0.44,2026-01-20,0153,N20,nominal,2.0NRT,277.39,1.33,N
43.52476,-5.73039,319.74,0.4,0.44,2026-01-20,0153,N20,nominal,2.0NRT,276.74,1.33,N
43.03627,-2.22215,297.09,0.43,0.38,2026-01-20,0153,N20,nominal,2.0NRT,266.89,0.53,N
42.81472,-1.74251,306.09,0.42,0.38,2026-01-20,0153,N20,nominal,2.0NRT,276.9,1.04,N
41.4747,-1.4898,300.92,0.4,0.37,2026-01-20,0153,N20,nominal,2.0NRT,272.17,0.68,N
39.93744,-3.74609,297.57,0.45,0.39,2026-01-20,0156,N20,nominal,2.0NRT,273.95,0.86,N
35.88156,4.4454,303.69,0.55,0.43,2026-01-20,0156,N20,nominal,2.0NRT,276.3,1.9,N
35.87963,4.44962,301.2,0.55,0.43,2026-01-20,0156,N20,nominal,2.0NRT,276.64,1.05,N
35.53219,-0.27375,297.06,0.39,0.36,2026-01-20,0156,N20,nominal,2.0NRT,276.12,1.18,N
66.30994,14.17002,331.75,0.32,0.55,2026-01-20,0327,N20,nominal,2.0NRT,266.15,2.42,N
66.31367,14.16061,305.6,0.32,0.55,2026-01-20,0327,N20,nominal,2.0NRT,265.74,0.6,N
52.48385,4.58699,302.5,0.77,0.77,2026-01-20,0329,N20,nominal,2.0NRT,273.75,2.08,N
47.31727,-2.05526,296.98,0.69,0.74,2026-01-20,0332,N20,nominal,2.0NRT,275.84,0.87,N
43.52753,-5.7285,325.6,0.65,0.73,2026-01-20,0334,N20,nominal,2.0NRT,275.64,2.58,N
43.52436,-5.73356,311.96,0.65,0.73,2026-01-20,0334,N20,nominal,2.0NRT,274.45,1.69,N
43.52189,-5.72619,296.78,0.65,0.73,2026-01-20,0334,N20,nominal,2.0NRT,273.11,1.69,N
37.59258,30.07107,335.6,0.63,0.72,2026-01-20,0953,N20,nominal,2.0NRT,279.8,4.83,D
37.13776,30.82907,338.21,0.61,0.53,2026-01-20,1134,N20,nominal,2.0NRT,287.26,7.64,D
37.48074,27.40735,332.39,0.4,0.44,2026-01-20,1134,N20,nominal,2.0NRT,283.04,1.87,D
37.5998,27.44613,347.99,0.4,0.44,2026-01-20,1134,N20,nominal,2.0NRT,289.78,17.73,D
37.58187,27.26531,337.33,0.39,0.44,2026-01-20,1134,N20,nominal,2.0NRT,283.84,4.09,D
37.79375,27.62807,340.9,0.41,0.45,2026-01-20,1134,N20,nominal,2.0NRT,283.61,4.5,D
38.77552,28.12061,325.64,0.45,0.47,2026-01-20,1136,N20,nominal,2.0NRT,290.45,2.74,D
38.74137,26.95255,329.11,0.39,0.44,2026-01-20,1136,N20,nominal,2.0NRT,289.28,2.98,D
40.76646,23.10573,325.02,0.43,0.38,2026-01-20,1136,N20,nominal,2.0NRT,282.62,2.28,D
41.57055,20.10303,335.89,0.39,0.36,2026-01-20,1136,N20,nominal,2.0NRT,280.47,3.27,D
41.61786,20.07783,334.52,0.39,0.36,2026-01-20,1136,N20,nominal,2.0NRT,278.41,3.36,D
42.27449,24.47976,328.98,0.5,0.41,2026-01-20,1136,N20,nominal,2.0NRT,284.1,7.16,D
42.27507,24.47744,328.83,0.5,0.41,2026-01-20,1136,N20,nominal,2.0NRT,281.97,8.51,D
42.71414,24.17199,340.56,0.49,0.4,2026-01-20,1136,N20,nominal,2.0NRT,282.78,8.18,D
42.52808,19.39679,329.32,0.38,0.36,2026-01-20,1136,N20,nominal,2.0NRT,285.72,2.69,D
48.6054,21.18198,326.53,0.45,0.39,2026-01-20,1138,N20,nominal,2.0NRT,272.97,8.04,D
48.27445,14.33994,335.5,0.41,0.37,2026-01-20,1138,N20,nominal,2.0NRT,281.22,5.76,D
48.27776,14.33861,337.08,0.41,0.37,2026-01-20,1138,N20,nominal,2.0NRT,281.22,5.76,D
49.68023,18.66455,344.98,0.4,0.37,2026-01-20,1138,N20,nominal,2.0NRT,281.62,9.29,D
50.36143,18.60531,331.26,0.4,0.37,2026-01-20,1138,N20,nominal,2.0NRT,274.92,6.4,D
51.68904,15.98118,339.88,0.38,0.36,2026-01-20,1140,N20,nominal,2.0NRT,280.32,5.03,D
52.15364,10.40411,340.38,0.45,0.39,2026-01-20,1140,N20,nominal,2.0NRT,280.26,7.35,D
52.16083,10.42129,325.79,0.45,0.39,2026-01-20,1140,N20,nominal,2.0NRT,280.35,3.35,D
51.36715,6.7104,332.37,0.41,0.45,2026-01-20,1140,N20,nominal,2.0NRT,275.56,3.62,D
51.3658,6.7102,338.8,0.41,0.45,2026-01-20,1140,N20,nominal,2.0NRT,277.62,5.27,D
51.46213,6.74093,328.91,0.41,0.45,2026-01-20,1140,N20,nominal,2.0NRT,274.91,3.2,D
51.49449,6.74658,328.72,0.41,0.45,2026-01-20,1140,N20,nominal,2.0NRT,275.66,5.34,D
51.49187,6.73546,331.2,0.41,0.45,2026-01-20,1140,N20,nominal,2.0NRT,276.93,3.07,D
51.4853,6.7076,331.26,0.41,0.45,2026-01-20,1140,N20,nominal,2.0NRT,275.51,4.88,D
51.49189,6.73992,325.88,0.41,0.45,2026-01-20,1140,N20,nominal,2.0NRT,275.87,3.45,D
51.48386,6.70661,332.32,0.41,0.45,2026-01-20,1140,N20,nominal,2.0NRT,276.53,3.8,D
51.25692,4.33191,329.31,0.51,0.5,2026-01-20,1140,N20,nominal,2.0NRT,278.56,7.59,D
51.25509,4.32504,333.76,0.51,0.5,2026-01-20,1140,N20,nominal,2.0NRT,277.78,7.01,D
51.16424,3.81488,336.8,0.54,0.51,2026-01-20,1140,N20,nominal,2.0NRT,277.97,9.12,D
51.17288,3.80902,341.45,0.54,0.51,2026-01-20,1140,N20,nominal,2.0NRT,282.52,9.86,D
53.12716,8.67805,331.45,0.48,0.4,2026-01-20,1140,N20,nominal,2.0NRT,277.08,9.62,D
39.20211,-3.48591,328.89,0.39,0.37,2026-01-20,1316,N20,nominal,2.0NRT,287.54,2.01,D
38.9849,-5.72841,332.48,0.39,0.36,2026-01-20,1316,N20,nominal,2.0NRT,284.38,2.4,D
39.79247,-5.25916,327.52,0.38,0.36,2026-01-20,1318,N20,nominal,2.0NRT,276.99,2.62,D
42.00272,-1.9651,328.24,0.45,0.39,2026-01-20,1318,N20,nominal,2.0NRT,287.23,2.33,D
51.4825,6.72397,331.21,0.45,0.63,2026-01-20,1320,N20,nominal,2.0NRT,270.87,3.47,D
52.15282,10.40691,333.53,0.65,0.73,2026-01-20,1320,N20,nominal,2.0NRT,279.48,6.93,D
52.15433,10.41093,333.4,0.65,0.73,2026-01-20,1320,N20,nominal,2.0NRT,278.35,6.26,D
53.12762,8.67866,336.52,0.55,0.68,2026-01-20,1320,N20,nominal,2.0NRT,275.82,4.82,D
53.12936,8.67813,338.65,0.55,0.68,2026-01-20,1320,N20,nominal,2.0NRT,275.7,4.02,D
41.26776,31.42329,303.03,0.39,0.36,2026-01-20,2354,N20,nominal,2.0NRT,273.25,0.85,N
41.26448,31.42235,305.91,0.39,0.36,2026-01-20,2354,N20,nominal,2.0NRT,275.78,0.85,N
41.26374,31.4269,296.33,0.39,0.36,2026-01-20,2354,N20,nominal,2.0NRT,277.5,0.85,N
40.94714,31.3951,299.81,0.39,0.36,2026-01-20,2354,N20,nominal,2.0NRT,267.01,0.75,N
40.42614,29.27012,313.51,0.39,0.36,2026-01-20,2354,N20,nominal,2.0NRT,268.5,1.16,N
51.89392,29.34061,324.24,0.48,0.4,2026-01-20,2350,N20,nominal,2.0NRT,262.44,3.37,N
50.41444,18.13138,298.67,0.45,0.63,2026-01-20,2352,N20,nominal,2.0NRT,267.68,1.52,N
50.41433,18.13793,303.96,0.45,0.63,2026-01-20,2352,N20,nominal,2.0NRT,270.52,2.37,N
50.33679,19.28429,325.77,0.4,0.6,2026-01-20,2352,N20,nominal,2.0NRT,270.11,2.7,N
49.86225,18.27197,301.64,0.44,0.62,2026-01-20,2352,N20,nominal,2.0NRT,269.89,0.77,N
49.86263,18.27093,301.29,0.44,0.62,2026-01-20,2352,N20,nominal,2.0NRT,268.23,0.8,N
47.85922,33.44726,323.62,0.38,0.36,2026-01-20,2352,N20,nominal,2.0NRT,268.95,24.16,N
45.25717,31.67293,322.93,0.38,0.36,2026-01-20,2352,N20,nominal,2.0NRT,274.51,2.87,N
45.35563,30.90101,336.79,0.39,0.36,2026-01-20,2352,N20,nominal,2.0NRT,276.6,4.44,N
45.29117,25.11133,298.87,0.39,0.44,2026-01-20,2352,N20,nominal,2.0NRT,266.41,0.34,N
41.19244,32.61742,296.59,0.4,0.37,2026-01-20,2354,N20,nominal,2.0NRT,269.41,1.12,N
53.51133,10.03478,314.62,0.38,0.36,2026-01-21,0132,N20,nominal,2.0NRT,272.1,1.61,N
39.57849,2.79098,300.37,0.4,0.37,2026-01-21,0136,N20,nominal,2.0NRT,280.22,0.5,N
53.52183,9.89971,302.57,0.38,0.36,2026-01-21,0132,N20,nominal,2.0NRT,265.31,1.15,N
52.17524,14.6121,295.77,0.45,0.39,2026-01-21,0132,N20,nominal,2.0NRT,268.95,1.37,N
53.1404,8.6797,310.77,0.39,0.36,2026-01-21,0132,N20,nominal,2.0NRT,270.84,2.15,N
53.1352,8.67633,321.69,0.39,0.36,2026-01-21,0132,N20,nominal,2.0NRT,272.26,1.52,N
53.13435,8.68209,297.95,0.39,0.36,2026-01-21,0132,N20,nominal,2.0NRT,270.11,1.52,N
53.12864,8.6737,307.48,0.39,0.36,2026-01-21,0132,N20,nominal,2.0NRT,269.79,1.68,N
53.12445,8.70245,301.45,0.39,0.36,2026-01-21,0132,N20,nominal,2.0NRT,269.33,0.94,N
51.68985,15.98208,315.74,0.5,0.41,2026-01-21,0132,N20,nominal,2.0NRT,265.39,1.75,N
51.68627,15.98003,327.31,0.5,0.41,2026-01-21,0132,N20,nominal,2.0NRT,266.83,5.5,N
52.31477,10.25128,309.31,0.38,0.36,2026-01-21,0132,N20,nominal,2.0NRT,267.43,1.23,N
52.1651,10.42674,301.48,0.39,0.36,2026-01-21,0132,N20,nominal,2.0NRT,267.14,0.72,N
52.16367,10.41433,311.05,0.39,0.36,2026-01-21,0132,N20,nominal,2.0NRT,267.31,1.84,N
52.16277,10.41983,304.81,0.39,0.36,2026-01-21,0132,N20,nominal,2.0NRT,269.55,2.04,N
52.16044,10.41292,330.24,0.39,0.36,2026-01-21,0132,N20,nominal,2.0NRT,268.71,1.84,N
52.15992,10.395,299.98,0.39,0.36,2026-01-21,0132,N20,nominal,2.0NRT,272.67,1.77,N
52.15811,10.40601,298.76,0.39,0.36,2026-01-21,0132,N20,nominal,2.0NRT,267.42,2.37,N
52.15487,10.4046,338.57,0.39,0.36,2026-01-21,0132,N20,nominal,2.0NRT,271.69,2.37,N
52.15255,10.39769,327.07,0.39,0.36,2026-01-21,0132,N20,nominal,2.0NRT,270.92,3.5,N
52.15164,10.40319,323.96,0.39,0.36,2026-01-21,0132,N20,nominal,2.0NRT,268.97,2.74,N
50.53489,17.97367,298.19,0.42,0.45,2026-01-21,0132,N20,nominal,2.0NRT,269.74,0.72,N
50.41678,18.14258,295.25,0.43,0.46,2026-01-21,0132,N20,nominal,2.0NRT,273,0.93,N
49.69004,18.6538,303.38,0.47,0.48,2026-01-21,0132,N20,nominal,2.0NRT,269.18,1.51,N
49.67872,18.66105,325.43,0.47,0.48,2026-01-21,0132,N20,nominal,2.0NRT,271.95,4.06,N
51.61944,8.51235,298.77,0.39,0.36,2026-01-21,0132,N20,nominal,2.0NRT,271,0.95,N
50.6549,11.43168,306.16,0.4,0.37,2026-01-21,0132,N20,nominal,2.0NRT,270.92,1.35,N
50.83899,-1.37034,304.14,0.5,0.49,2026-01-21,0132,N20,nominal,2.0NRT,276.29,1.28,N
48.28374,14.32932,328.6,0.52,0.41,2026-01-21,0132,N20,nominal,2.0NRT,270.19,4.4,N
48.27863,14.33425,327.64,0.52,0.41,2026-01-21,0132,N20,nominal,2.0NRT,273.74,22.02,N
46.22966,13.07296,303.44,0.51,0.41,2026-01-21,0134,N20,nominal,2.0NRT,269.72,1.85,N
47.17384,7.56342,324.97,0.38,0.36,2026-01-21,0134,N20,nominal,2.0NRT,267.99,2.71,N
45.38141,11.94558,306.61,0.48,0.4,2026-01-21,0134,N20,nominal,2.0NRT,272.11,2.09,N
45.5116,10.24331,301.2,0.43,0.38,2026-01-21,0134,N20,nominal,2.0NRT,272.18,0.63,N
45.46053,10.45344,301.75,0.43,0.38,2026-01-21,0134,N20,nominal,2.0NRT,272.64,0.99,N
45.4595,10.45881,299.78,0.43,0.38,2026-01-21,0134,N20,nominal,2.0NRT,272,1.12,N
45.47914,10.21348,325.42,0.43,0.38,2026-01-21,0134,N20,nominal,2.0NRT,272.65,2.71,N
45.14708,9.9416,330,0.42,0.38,2026-01-21,0134,N20,nominal,2.0NRT,278.54,6.97,N
45.1437,9.94034,313.13,0.42,0.38,2026-01-21,0134,N20,nominal,2.0NRT,271.15,1.81,N
43.44997,4.89514,314.64,0.39,0.36,2026-01-21,0134,N20,nominal,2.0NRT,271.38,0.84,N
43.44667,4.89422,326.65,0.39,0.36,2026-01-21,0134,N20,nominal,2.0NRT,274.14,2.33,N
43.44597,4.899,319.04,0.39,0.36,2026-01-21,0134,N20,nominal,2.0NRT,274.04,2.33,N
43.44077,4.88761,303.28,0.39,0.36,2026-01-21,0134,N20,nominal,2.0NRT,272.11,2.46,N
43.43817,4.88192,320.8,0.39,0.36,2026-01-21,0134,N20,nominal,2.0NRT,274.92,2.46,N
43.43747,4.8867,342.57,0.39,0.36,2026-01-21,0134,N20,nominal,2.0NRT,274.11,2.46,N
43.41594,-6.6685,367,0.38,0.59,2026-01-21,0134,N20,high,2.0NRT,283.68,9.35,N
43.4157,-6.66331,299.13,0.38,0.59,2026-01-21,0134,N20,nominal,2.0NRT,278.42,9.35,N
43.41056,-6.67094,297.47,0.38,0.59,2026-01-21,0134,N20,nominal,2.0NRT,277.37,1.5,N
41.47602,-1.48692,298.94,0.4,0.44,2026-01-21,0136,N20,nominal,2.0NRT,274.81,0.89,N
35.80891,-0.25578,308.4,0.46,0.39,2026-01-21,0138,N20,nominal,2.0NRT,270.61,1.33,N
64.64727,24.42617,308.66,0.43,0.38,2026-01-21,0128,N20,nominal,2.0NRT,264.27,1.85,N
64.6441,24.42248,318.29,0.43,0.38,2026-01-21,0128,N20,nominal,2.0NRT,263.64,2.25,N
66.31104,14.1741,295.58,0.42,0.38,2026-01-21,0128,N20,nominal,2.0NRT,265.77,0.39,N
63.31814,9.14431,307.4,0.48,0.4,2026-01-21,0130,N20,nominal,2.0NRT,274.52,2.27,N
63.32011,9.13845,301.22,0.53,0.5,2026-01-21,0310,N20,nominal,2.0NRT,275.99,2.69,N
53.52418,9.89964,310.34,0.73,0.76,2026-01-21,0312,N20,nominal,2.0NRT,267.68,2.18,N
43.41873,-6.66074,296.78,0.36,0.57,2026-01-21,0317,N20,nominal,2.0NRT,277.65,0.91,N
43.41349,-6.66226,318.47,0.36,0.57,2026-01-21,0317,N20,nominal,2.0NRT,280.05,2.26,N
45.25634,31.67598,347.97,0.52,0.67,2026-01-21,0938,N20,nominal,2.0NRT,279.53,4.88,D
48.53273,34.64966,331.32,0.61,0.53,2026-01-21,0938,N20,nominal,2.0NRT,270.46,5.45,D
48.27485,14.34223,328.62,0.57,0.43,2026-01-21,1119,N20,nominal,2.0NRT,275.99,8.59,D
49.67727,18.6633,327.46,0.4,0.37,2026-01-21,1119,N20,nominal,2.0NRT,281.01,2.86,D
50.03888,18.48622,331.03,0.4,0.37,2026-01-21,1119,N20,nominal,2.0NRT,278.56,3.21,D
51.68834,15.98123,341.78,0.44,0.38,2026-01-21,1119,N20,nominal,2.0NRT,277.84,8.27,D
52.14976,10.40458,334.8,0.43,0.46,2026-01-21,1119,N20,nominal,2.0NRT,277.9,6.97,D
52.15515,10.40793,346.15,0.43,0.46,2026-01-21,1119,N20,nominal,2.0NRT,278.56,7.87,D
34.79289,5.62054,325.4,0.49,0.4,2026-01-21,1255,N20,nominal,2.0NRT,290.99,3,D
34.58872,-2.93991,344.57,0.48,0.4,2026-01-21,1255,N20,nominal,2.0NRT,281.04,13,D
35.80926,-0.257,329.26,0.39,0.36,2026-01-21,1257,N20,nominal,2.0NRT,288.34,2.56,D
43.4335,4.88841,331.71,0.57,0.43,2026-01-21,1257,N20,nominal,2.0NRT,285.33,4.03,D
43.44285,4.90113,325.34,0.57,0.43,2026-01-21,1257,N20,nominal,2.0NRT,285.01,4.03,D
43.43549,4.88782,334.65,0.57,0.43,2026-01-21,1257,N20,nominal,2.0NRT,285.72,7.1,D
43.44477,4.90053,325.98,0.57,0.43,2026-01-21,1257,N20,nominal,2.0NRT,286.66,3.24,D
45.14421,9.94331,343.72,0.35,0.56,2026-01-21,1259,N20,nominal,2.0NRT,286.06,5.39,D
45.50867,8.12153,337.85,0.57,0.52,2026-01-21,1259,N20,nominal,2.0NRT,279.18,4.31,D
48.27608,14.34029,336.5,0.59,0.7,2026-01-21,1259,N20,nominal,2.0NRT,277.61,6.2,D
48.27557,14.34238,337.11,0.59,0.7,2026-01-21,1259,N20,nominal,2.0NRT,276.37,6.16,D
52.15422,10.40544,330.32,0.41,0.6,2026-01-21,1301,N20,nominal,2.0NRT,276.6,6.89,D
61.58323,1.55141,338.98,0.45,0.47,2026-01-21,1303,N20,nominal,2.0NRT,276.6,6.16,D
51.89232,29.33648,321.49,0.48,0.48,2026-01-21,2333,N20,nominal,2.0NRT,261.96,3.14,N
49.68118,18.65188,312.89,0.69,0.75,2026-01-21,2333,N20,nominal,2.0NRT,268.12,3.12,N
49.68134,18.66164,308.3,0.69,0.74,2026-01-21,2333,N20,nominal,2.0NRT,268.04,3.12,N
64.64619,24.42582,303.15,0.39,0.36,2026-01-22,0111,N20,nominal,2.0NRT,265.59,0.99,N
63.31814,9.14465,303.53,0.42,0.45,2026-01-22,0111,N20,nominal,2.0NRT,275.53,1.99,N
61.58604,1.53895,350.51,0.36,0.57,2026-01-22,0111,N20,nominal,2.0NRT,279.19,2.68,N
61.5859,1.54578,304.68,0.36,0.57,2026-01-22,0111,N20,nominal,2.0NRT,278.93,2.68,N
60.515,5.22398,336,0.52,0.5,2026-01-22,0111,N20,nominal,2.0NRT,272.1,6.02,N
59.64736,6.35902,315.17,0.47,0.48,2026-01-22,0113,N20,nominal,2.0NRT,271.39,1.82,N
53.51246,10.03333,318.86,0.46,0.39,2026-01-22,0113,N20,nominal,2.0NRT,268.77,2.65,N
53.52391,9.90097,325.61,0.46,0.39,2026-01-22,0113,N20,nominal,2.0NRT,269.12,2.16,N
53.14153,8.67559,308.29,0.5,0.41,2026-01-22,0113,N20,nominal,2.0NRT,270.78,1.32,N
53.13781,8.67451,295.19,0.5,0.41,2026-01-22,0113,N20,nominal,2.0NRT,270.27,2.54,N
53.13333,8.68088,326.02,0.5,0.41,2026-01-22,0113,N20,nominal,2.0NRT,273.06,4,N
53.13583,8.69044,295.46,0.5,0.41,2026-01-22,0113,N20,nominal,2.0NRT,269.59,0.73,N
53.13368,8.67447,310.58,0.5,0.41,2026-01-22,0113,N20,nominal,2.0NRT,270.45,2.29,N
53.1329,8.68194,314.05,0.5,0.41,2026-01-22,0113,N20,nominal,2.0NRT,271.98,2.29,N
52.17465,14.61041,309.15,0.38,0.36,2026-01-22,0113,N20,nominal,2.0NRT,265.64,1.11,N
52.17377,14.61591,298.24,0.38,0.36,2026-01-22,0113,N20,nominal,2.0NRT,268.39,1.31,N
52.17201,14.62692,300.65,0.38,0.36,2026-01-22,0113,N20,nominal,2.0NRT,264.31,0.75,N
52.40142,12.49851,340.27,0.4,0.37,2026-01-22,0113,N20,nominal,2.0NRT,273.06,5.19,N
51.68732,15.97588,325.52,0.39,0.36,2026-01-22,0113,N20,nominal,2.0NRT,270.75,17.3,N
52.31625,10.24899,310.86,0.44,0.38,2026-01-22,0113,N20,nominal,2.0NRT,268.64,1.94,N
50.79834,19.18203,323.19,0.47,0.4,2026-01-22,0113,N20,nominal,2.0NRT,263.28,2.49,N
52.1642,10.43027,319.42,0.43,0.38,2026-01-22,0113,N20,nominal,2.0NRT,271.09,1.87,N
52.16229,10.41652,315.62,0.43,0.38,2026-01-22,0113,N20,nominal,2.0NRT,272.65,2.58,N
52.15959,10.40909,305.41,0.43,0.38,2026-01-22,0113,N20,nominal,2.0NRT,269.15,3.33,N
52.15881,10.4154,295.94,0.43,0.38,2026-01-22,0113,N20,nominal,2.0NRT,268.78,0.94,N
52.15689,10.40167,325.37,0.43,0.38,2026-01-22,0113,N20,nominal,2.0NRT,270.9,3.33,N
52.15612,10.40798,335.08,0.43,0.38,2026-01-22,0113,N20,nominal,2.0NRT,272.69,3.33,N
52.15342,10.40055,331.03,0.43,0.38,2026-01-22,0113,N20,nominal,2.0NRT,274.35,5.67,N
52.21096,8.04259,295.15,0.51,0.41,2026-01-22,0113,N20,nominal,2.0NRT,269.81,0.54,N
52.48316,4.58336,300.48,0.46,0.47,2026-01-22,0113,N20,nominal,2.0NRT,272.83,1.44,N
50.338,19.28659,325.53,0.48,0.4,2026-01-22,0113,N20,nominal,2.0NRT,270.46,3.78,N
50.53352,17.97592,302.4,0.44,0.38,2026-01-22,0113,N20,nominal,2.0NRT,270.3,1.27,N
51.61931,8.50812,298.75,0.48,0.4,2026-01-22,0113,N20,nominal,2.0NRT,271.88,1.23,N
51.49575,6.73189,324.09,0.56,0.43,2026-01-22,0113,N20,nominal,2.0NRT,271.08,3.56,N
51.49502,6.73997,310.51,0.56,0.43,2026-01-22,0113,N20,nominal,2.0NRT,273.84,3.46,N
51.50484,6.73506,296.32,0.56,0.43,2026-01-22,0113,N20,nominal,2.0NRT,272.64,1.21,N
51.50168,6.72597,314.75,0.56,0.43,2026-01-22,0113,N20,nominal,2.0NRT,275.17,2.68,N
51.49697,6.73316,322.75,0.56,0.43,2026-01-22,0113,N20,nominal,2.0NRT,271.49,2.22,N
51.49621,6.74122,309.14,0.56,0.43,2026-01-22,0113,N20,nominal,2.0NRT,273.46,2.22,N
51.49304,6.73221,296.91,0.56,0.43,2026-01-22,0113,N20,nominal,2.0NRT,269.89,2.22,N
51.48352,6.7052,315.94,0.56,0.43,2026-01-22,0113,N20,nominal,2.0NRT,271.55,2.8,N
51.48201,6.7213,297.56,0.56,0.43,2026-01-22,0113,N20,nominal,2.0NRT,269.73,1.41,N
51.46401,6.74168,295.92,0.56,0.43,2026-01-22,0113,N20,nominal,2.0NRT,270.36,1.24,N
51.3685,6.70401,330.77,0.56,0.43,2026-01-22,0113,N20,nominal,2.0NRT,276.57,5,N
51.29937,7.01192,298.7,0.54,0.42,2026-01-22,0113,N20,nominal,2.0NRT,270.6,1.59,N
50.65421,11.43088,306.51,0.4,0.37,2026-01-22,0113,N20,nominal,2.0NRT,268.33,1.28,N
50.65318,11.41286,298.51,0.4,0.37,2026-01-22,0113,N20,nominal,2.0NRT,265.97,0.44,N
50.99005,5.79148,301.79,0.4,0.44,2026-01-22,0113,N20,nominal,2.0NRT,267.63,1.67,N
50.76587,5.672,306.77,0.4,0.44,2026-01-22,0113,N20,nominal,2.0NRT,273.82,0.98,N
49.35847,6.74588,314.45,0.53,0.42,2026-01-22,0113,N20,nominal,2.0NRT,273.08,2.2,N
49.35683,6.7456,306.73,0.53,0.42,2026-01-22,0113,N20,nominal,2.0NRT,272.43,2.27,N
48.33286,9.7329,297.67,0.42,0.37,2026-01-22,0113,N20,nominal,2.0NRT,269.15,1.1,N
48.6102,6.10711,320.52,0.55,0.42,2026-01-22,0113,N20,nominal,2.0NRT,269.99,2.98,N
47.46694,12.63087,295.39,0.38,0.36,2026-01-22,0113,N20,nominal,2.0NRT,264.03,0.38,N
44.59698,20.97473,321.18,0.51,0.49,2026-01-22,0113,N20,nominal,2.0NRT,264.1,2.76,N
46.22902,13.07537,297.62,0.39,0.36,2026-01-22,0113,N20,nominal,2.0NRT,275.56,0.89,N
45.63879,9.6048,299.54,0.4,0.37,2026-01-22,0115,N20,nominal,2.0NRT,274.16,0.87,N
45.5159,10.34274,298.25,0.39,0.36,2026-01-22,0115,N20,nominal,2.0NRT,272.47,0.75,N
45.47969,10.21296,321.85,0.39,0.36,2026-01-22,0115,N20,nominal,2.0NRT,270.51,2.16,N
45.14484,9.94223,310.48,0.39,0.36,2026-01-22,0115,N20,nominal,2.0NRT,271.18,1.74,N
40.51869,17.20805,297.01,0.42,0.45,2026-01-22,0115,N20,nominal,2.0NRT,279.72,1.05,N
40.50954,17.20981,299.42,0.42,0.45,2026-01-22,0115,N20,nominal,2.0NRT,278.79,2.09,N
40.50336,17.2179,308.13,0.42,0.45,2026-01-22,0115,N20,nominal,2.0NRT,281.97,1.17,N
42.05006,-4.92027,346.68,0.54,0.68,2026-01-22,0115,N20,nominal,2.0NRT,273.46,8.69,N
42.04644,-4.92155,336.68,0.54,0.68,2026-01-22,0115,N20,nominal,2.0NRT,272.38,7.54,N
42.04626,-4.91499,316.43,0.54,0.68,2026-01-22,0115,N20,nominal,2.0NRT,273.33,6.63,N
39.08084,9.02025,295.48,0.38,0.36,2026-01-22,0115,N20,nominal,2.0NRT,284.19,1.14,N
37.21118,15.17037,295.53,0.39,0.44,2026-01-22,0117,N20,nominal,2.0NRT,282.75,0.59,N
36.76203,7.30866,299.49,0.39,0.36,2026-01-22,0117,N20,nominal,2.0NRT,278.6,0.88,N
34.56929,7.24194,295.13,0.39,0.36,2026-01-22,0117,N20,nominal,2.0NRT,276.49,0.61,N
63.318,9.14376,310.41,0.4,0.44,2026-01-22,0249,N20,nominal,2.0NRT,276.36,2,N
61.58488,1.5456,341.8,0.45,0.39,2026-01-22,0251,N20,nominal,2.0NRT,280.15,4.6,N
59.64645,6.35905,308.83,0.45,0.47,2026-01-22,0251,N20,nominal,2.0NRT,273.01,1.88,N
53.14102,8.67411,313.08,0.47,0.64,2026-01-22,0253,N20,nominal,2.0NRT,270.83,1.64,N
52.16336,10.40637,298.36,0.59,0.7,2026-01-22,0253,N20,nominal,2.0NRT,267.22,2.88,N
52.16055,10.41378,301.99,0.59,0.7,2026-01-22,0253,N20,nominal,2.0NRT,269.12,3.52,N
52.15783,10.40081,320.96,0.59,0.7,2026-01-22,0253,N20,nominal,2.0NRT,271.17,2.88,N
52.1672,10.4308,297.36,0.59,0.7,2026-01-22,0253,N20,nominal,2.0NRT,268.23,1.61,N
52.16443,10.41783,303.91,0.59,0.7,2026-01-22,0253,N20,nominal,2.0NRT,270.11,4.08,N
52.1589,10.41227,298.06,0.59,0.7,2026-01-22,0253,N20,nominal,2.0NRT,268.72,2.73,N
52.15617,10.39921,314.02,0.59,0.7,2026-01-22,0253,N20,nominal,2.0NRT,271.63,2.73,N
52.48244,4.58705,301.81,0.35,0.57,2026-01-22,0253,N20,nominal,2.0NRT,268.63,1.15,N
52.48102,4.59166,305.13,0.35,0.57,2026-01-22,0253,N20,nominal,2.0NRT,269.79,1.15,N
51.49979,6.73931,298.34,0.46,0.63,2026-01-22,0253,N20,nominal,2.0NRT,266.05,1.53,N
51.49775,6.7436,301.27,0.46,0.63,2026-01-22,0253,N20,nominal,2.0NRT,266.88,1.04,N
51.49456,6.73324,318.08,0.46,0.63,2026-01-22,0253,N20,nominal,2.0NRT,267.23,2.03,N
51.48618,6.71839,303.45,0.46,0.63,2026-01-22,0253,N20,nominal,2.0NRT,267.26,1.82,N
51.42689,6.73556,330.94,0.46,0.64,2026-01-22,0253,N20,nominal,2.0NRT,266.76,3.34,N
51.29969,7.00888,295.15,0.48,0.64,2026-01-22,0253,N20,nominal,2.0NRT,267.27,0.71,N
51.37011,6.7057,310.15,0.46,0.64,2026-01-22,0253,N20,nominal,2.0NRT,273.54,2.09,N
50.98864,5.78999,298.43,0.44,0.62,2026-01-22,0253,N20,nominal,2.0NRT,272.08,1.56,N
50.9868,5.79551,303.78,0.44,0.62,2026-01-22,0253,N20,nominal,2.0NRT,272.61,1.64,N
50.99025,5.79794,311.89,0.44,0.62,2026-01-22,0253,N20,nominal,2.0NRT,272.88,2.26,N
50.76722,5.66896,297.19,0.44,0.63,2026-01-22,0253,N20,nominal,2.0NRT,270.22,0.86,N
43.34316,-8.45696,296.65,0.54,0.42,2026-01-22,0255,N20,nominal,2.0NRT,279.24,0.56,N
43.34534,-8.45622,299.5,0.54,0.42,2026-01-22,0255,N20,nominal,2.0NRT,279.69,0.94,N
42.05123,-4.91737,328.48,0.56,0.51,2026-01-22,0257,N20,nominal,2.0NRT,272.73,5.12,N
42.04672,-4.91937,319.66,0.56,0.51,2026-01-22,0257,N20,nominal,2.0NRT,272.43,4.17,N
61.58263,1.54354,335.67,0.66,0.73,2026-01-22,0431,N20,nominal,2.0NRT,277.57,2.75,N
61.58705,1.53507,295.99,0.65,0.73,2026-01-22,0431,N20,nominal,2.0NRT,276.3,2.75,N
61.58719,1.54224,317.11,0.66,0.73,2026-01-22,0431,N20,nominal,2.0NRT,276.44,3.8,N
61.58279,1.55077,319.08,0.66,0.73,2026-01-22,0431,N20,nominal,2.0NRT,277.09,3.82,N
37.56462,32.86095,331.56,0.41,0.37,2026-01-22,1055,N20,nominal,2.0NRT,286.93,3.96,D
37.56802,32.86024,341.35,0.41,0.37,2026-01-22,1055,N20,nominal,2.0NRT,292.49,7.62,D
45.35545,30.90215,327.7,0.42,0.38,2026-01-22,1100,N20,nominal,2.0NRT,275.16,1.63,D
50.33698,19.29106,327.86,0.51,0.41,2026-01-22,1102,N20,nominal,2.0NRT,273.79,4.58,D
51.6876,15.98152,340.56,0.41,0.45,2026-01-22,1102,N20,nominal,2.0NRT,278.27,8.8,D
51.36608,6.70794,333.08,0.48,0.65,2026-01-22,1102,N20,nominal,2.0NRT,275.18,6.07,D
53.13194,8.68221,336.99,0.35,0.57,2026-01-22,1102,N20,nominal,2.0NRT,275.41,3.91,D
63.77938,8.58618,331.19,0.48,0.4,2026-01-22,1104,N20,nominal,2.0NRT,278.66,5.82,D
63.79914,8.56283,340.47,0.48,0.4,2026-01-22,1104,N20,nominal,2.0NRT,281.51,10.5,D
39.64948,-0.82549,330.01,0.51,0.41,2026-01-22,1240,N20,nominal,2.0NRT,285.12,4.12,D
42.44812,-2.27505,328.94,0.52,0.42,2026-01-22,1240,N20,nominal,2.0NRT,284.8,6.66,D
48.98179,1.76344,329.65,0.39,0.36,2026-01-22,1242,N20,nominal,2.0NRT,283.4,4.08,D
51.36499,6.70762,342.22,0.53,0.42,2026-01-22,1242,N20,nominal,2.0NRT,278.62,7.2,D
51.04345,2.29838,335.63,0.4,0.37,2026-01-22,1242,N20,nominal,2.0NRT,274.53,4.11,D
52.15093,10.40373,327.97,0.51,0.49,2026-01-22,1242,N20,nominal,2.0NRT,277.17,4.3,D
52.15596,10.41055,334.88,0.51,0.49,2026-01-22,1242,N20,nominal,2.0NRT,274.09,8.49,D
51.52605,-0.52195,327.75,0.38,0.36,2026-01-22,1242,N20,nominal,2.0NRT,280.8,2.7,D
53.13232,8.67992,337.68,0.44,0.46,2026-01-22,1242,N20,nominal,2.0NRT,277.12,3.99,D
61.58506,1.53672,352.75,0.51,0.66,2026-01-23,0052,N20,nominal,2.0NRT,278.4,6.77,N
61.5868,1.53212,334.16,0.51,0.66,2026-01-23,0052,N20,nominal,2.0NRT,277.74,4.73,N
61.58693,1.54202,321.35,0.51,0.66,2026-01-23,0052,N20,nominal,2.0NRT,277.73,4.88,N
59.64686,6.35862,310.81,0.35,0.56,2026-01-23,0052,N20,nominal,2.0NRT,271.05,1.12,N
53.52198,9.89682,299.91,0.45,0.47,2026-01-23,0054,N20,nominal,2.0NRT,269.42,0.92,N
53.52149,9.90371,300.05,0.45,0.47,2026-01-23,0054,N20,nominal,2.0NRT,268.16,0.92,N
53.14097,8.67439,310.14,0.5,0.49,2026-01-23,0054,N20,nominal,2.0NRT,269.74,1.61,N
53.13596,8.68118,301.75,0.5,0.49,2026-01-23,0054,N20,nominal,2.0NRT,270.28,1.54,N
52.17454,14.61032,306.69,0.45,0.39,2026-01-23,0054,N20,nominal,2.0NRT,267.29,0.98,N
52.4011,12.49506,305.16,0.52,0.42,2026-01-23,0054,N20,nominal,2.0NRT,266.93,1.19,N
51.68796,15.97927,333.43,0.41,0.37,2026-01-23,0054,N20,nominal,2.0NRT,275.69,22.11,N
52.1746,10.41622,333.41,0.42,0.45,2026-01-23,0054,N20,nominal,2.0NRT,269.73,3.08,N
52.17511,10.41009,318.9,0.42,0.45,2026-01-23,0054,N20,nominal,2.0NRT,268.16,3.08,N
52.17096,10.4092,302.17,0.42,0.45,2026-01-23,0054,N20,nominal,2.0NRT,267.25,3.08,N
52.16215,10.41355,311.69,0.42,0.45,2026-01-23,0054,N20,nominal,2.0NRT,269.02,1.61,N
52.15435,10.40564,321.74,0.42,0.45,2026-01-23,0054,N20,nominal,2.0NRT,268.87,2.74,N
52.15485,10.39952,305.71,0.42,0.45,2026-01-23,0054,N20,nominal,2.0NRT,269.79,3.32,N
52.1507,10.39864,295.78,0.42,0.45,2026-01-23,0054,N20,nominal,2.0NRT,265.67,0.79,N
51.04989,2.31733,299.97,0.45,0.63,2026-01-23,0054,N20,nominal,2.0NRT,277.57,0.96,N
51.04443,2.29062,319.41,0.45,0.63,2026-01-23,0054,N20,nominal,2.0NRT,277.27,1.73,N
51.04433,2.29727,298.27,0.45,0.63,2026-01-23,0054,N20,nominal,2.0NRT,276.67,1.73,N
51.03865,2.28373,296.51,0.45,0.63,2026-01-23,0054,N20,nominal,2.0NRT,276.48,1.33,N
51.03326,2.25027,298.6,0.46,0.63,2026-01-23,0054,N20,nominal,2.0NRT,275.33,0.8,N
51.03277,2.28349,314.72,0.45,0.63,2026-01-23,0054,N20,nominal,2.0NRT,276.34,1.33,N
51.02709,2.26991,299.43,0.45,0.63,2026-01-23,0054,N20,nominal,2.0NRT,275.54,1.49,N
50.33723,3.48913,301.54,0.4,0.6,2026-01-23,0056,N20,nominal,2.0NRT,275.8,0.84,N
50.33864,3.48949,300.28,0.4,0.6,2026-01-23,0056,N20,nominal,2.0NRT,276,0.75,N
43.44596,4.88141,329.72,0.6,0.53,2026-01-23,0056,N20,nominal,2.0NRT,277.9,3.61,N
43.44436,4.88149,326.62,0.6,0.53,2026-01-23,0056,N20,nominal,2.0NRT,277.74,4.12,N
43.39507,5.10846,323.75,0.59,0.53,2026-01-23,0056,N20,nominal,2.0NRT,277.02,2.6,N
40.55703,9.67215,295.44,0.5,0.41,2026-01-23,0058,N20,nominal,2.0NRT,278.18,1.17,N
39.08244,9.02077,295.83,0.51,0.41,2026-01-23,0058,N20,nominal,2.0NRT,284.51,0.7,N
37.43769,15.0277,327.87,0.39,0.36,2026-01-23,0058,N20,nominal,2.0NRT,264.8,4.71,N
36.67697,9.92124,301.65,0.44,0.39,2026-01-23,0058,N20,nominal,2.0NRT,278.45,0.78,N
36.87037,6.97948,296.66,0.4,0.44,2026-01-23,0058,N20,nominal,2.0NRT,279.91,0.89,N
36.59917,2.87458,301.04,0.33,0.55,2026-01-23,0058,N20,nominal,2.0NRT,277.83,0.46,N
36.08876,6.8053,300.66,0.4,0.44,2026-01-23,0058,N20,nominal,2.0NRT,276.96,0.82,N
35.8812,4.44374,301.01,0.53,0.5,2026-01-23,0058,N20,nominal,2.0NRT,275.82,1.91,N
35.70795,4.47598,298.09,0.53,0.5,2026-01-23,0100,N20,nominal,2.0NRT,275.15,0.65,N
35.23292,8.17141,304.68,0.5,0.41,2026-01-23,0100,N20,nominal,2.0NRT,275.12,1.4,N
35.34962,5.76194,330.21,0.45,0.47,2026-01-23,0100,N20,nominal,2.0NRT,278.25,3.95,N
34.98133,5.71578,302.7,0.44,0.46,2026-01-23,0100,N20,nominal,2.0NRT,281.67,0.98,N
34.98313,5.71453,302.36,0.44,0.46,2026-01-23,0100,N20,nominal,2.0NRT,280.28,1.2,N
48.7173,5.68109,299.8,0.33,0.55,2026-01-23,0236,N20,nominal,2.0NRT,273.67,0.66,N
43.53069,-5.72613,297.66,0.45,0.39,2026-01-23,0238,N20,nominal,2.0NRT,277.87,1.62,N
43.52479,-5.73406,301.57,0.45,0.39,2026-01-23,0238,N20,nominal,2.0NRT,278.67,1.31,N
43.52374,-5.72865,313.32,0.45,0.39,2026-01-23,0238,N20,nominal,2.0NRT,278.03,1.31,N
43.34563,-8.43851,304.45,0.39,0.36,2026-01-23,0238,N20,nominal,2.0NRT,276.48,1.2,N
42.04792,-4.9146,332.44,0.51,0.41,2026-01-23,0238,N20,nominal,2.0NRT,274.98,4.51,N
40.2883,-8.42092,295.46,0.41,0.37,2026-01-23,0238,N20,nominal,2.0NRT,280.05,0.63,N
36.33603,5.47909,297.46,0.78,0.78,2026-01-23,0240,N20,nominal,2.0NRT,273.91,1.56,N
36.3378,5.48193,295.23,0.78,0.78,2026-01-23,0240,N20,nominal,2.0NRT,273.34,1.54,N
35.88141,4.44352,295.66,0.71,0.75,2026-01-23,0240,N20,nominal,2.0NRT,274,1.87,N
38.62942,-9.07898,296.29,0.41,0.37,2026-01-23,0240,N20,nominal,2.0NRT,282.57,0.39,N
38.50138,-8.93775,297.16,0.41,0.37,2026-01-23,0240,N20,nominal,2.0NRT,282.12,0.54,N
34.59631,-2.3477,297.4,0.33,0.55,2026-01-23,0240,N20,nominal,2.0NRT,279.68,0.46,N
63.3185,9.14371,301.64,0.47,0.4,2026-01-23,0232,N20,nominal,2.0NRT,273.71,1.12,N
62.15173,6.2819,319.44,0.44,0.38,2026-01-23,0232,N20,nominal,2.0NRT,266.77,2.61,N
61.58572,1.54818,330.6,0.39,0.36,2026-01-23,0232,N20,nominal,2.0NRT,281.13,1.99,N
61.58256,1.54572,333.81,0.39,0.36,2026-01-23,0232,N20,nominal,2.0NRT,280.49,3.4,N
51.68972,15.97641,320.7,0.66,0.73,2026-01-23,0234,N20,nominal,2.0NRT,265.86,3.37,N
51.69126,15.98188,304.67,0.66,0.73,2026-01-23,0234,N20,nominal,2.0NRT,264.88,2.12,N
51.68557,15.97591,297.79,0.66,0.73,2026-01-23,0234,N20,nominal,2.0NRT,265.07,1.07,N
52.31664,10.24905,295.31,0.38,0.59,2026-01-23,0234,N20,nominal,2.0NRT,266.2,0.46,N
52.16334,10.41356,302.86,0.39,0.6,2026-01-23,0234,N20,nominal,2.0NRT,266.77,1.75,N
52.15521,10.4,330.2,0.39,0.6,2026-01-23,0234,N20,nominal,2.0NRT,269.86,3.13,N
51.48517,6.70544,328.14,0.6,0.53,2026-01-23,0234,N20,nominal,2.0NRT,278.03,3.81,N
51.48292,6.71337,306.88,0.6,0.53,2026-01-23,0234,N20,nominal,2.0NRT,274.53,3.81,N
51.48066,6.72135,303.63,0.6,0.53,2026-01-23,0234,N20,nominal,2.0NRT,275.21,2.51,N
51.46048,6.73532,320.02,0.6,0.53,2026-01-23,0234,N20,nominal,2.0NRT,274.28,3.32,N
51.42679,6.73954,306.05,0.6,0.53,2026-01-23,0234,N20,nominal,2.0NRT,274.78,1.41,N
51.36749,6.70804,316.97,0.6,0.53,2026-01-23,0234,N20,nominal,2.0NRT,276.78,3.72,N
50.76706,5.67075,296.3,0.57,0.52,2026-01-23,0236,N20,nominal,2.0NRT,276.1,1.19,N
50.76622,5.67185,299.81,0.57,0.52,2026-01-23,0236,N20,nominal,2.0NRT,276.18,1.49,N
51.17181,3.80812,300.35,0.47,0.48,2026-01-23,0236,N20,nominal,2.0NRT,272.15,1.85,N
51.17019,3.81442,306.19,0.47,0.48,2026-01-23,0236,N20,nominal,2.0NRT,272.66,1.48,N
51.16856,3.82073,307.52,0.47,0.48,2026-01-23,0236,N20,nominal,2.0NRT,272.25,1.48,N
51.04719,2.29572,335.25,0.41,0.45,2026-01-23,0236,N20,nominal,2.0NRT,271.66,3.29,N
51.0433,2.29333,311.36,0.41,0.45,2026-01-23,0236,N20,nominal,2.0NRT,273.35,1.45,N
51.0355,2.28857,303.14,0.41,0.45,2026-01-23,0236,N20,nominal,2.0NRT,270.77,1.51,N
50.33655,3.48824,300.4,0.48,0.48,2026-01-23,0236,N20,nominal,2.0NRT,268.22,1.17,N
52.64341,-8.68973,297.54,0.41,0.37,2026-01-23,0236,N20,nominal,2.0NRT,273.61,0.7,N
50.28632,1.91031,295.12,0.42,0.45,2026-01-23,0236,N20,nominal,2.0NRT,267.33,1.15,N
50.8308,-1.36369,296.27,0.47,0.4,2026-01-23,0236,N20,nominal,2.0NRT,281.42,0.78,N
66.02958,8.08257,333.44,0.41,0.61,2026-01-23,0410,N20,nominal,2.0NRT,278.49,2.9,N
37.56582,32.86153,327.71,0.41,0.37,2026-01-23,1038,N20,nominal,2.0NRT,285.32,1.86,D
38.09206,-1.31219,330.7,0.33,0.56,2026-01-23,1221,N20,nominal,2.0NRT,287.62,1.51,D
51.48522,6.71138,333.7,0.4,0.37,2026-01-23,1225,N20,nominal,2.0NRT,284.89,5.31,D
51.4924,6.73864,329.69,0.4,0.37,2026-01-23,1225,N20,nominal,2.0NRT,281.79,2.76,D
38.42035,-0.49436,335.26,0.6,0.7,2026-01-23,1401,N20,nominal,2.0NRT,285.98,2.97,D
50.45624,34.11364,329.57,0.38,0.59,2026-01-23,2254,N20,nominal,2.0NRT,257.48,2.39,N
63.32063,9.14094,295.49,0.42,0.61,2026-01-24,0032,N20,nominal,2.0NRT,271.01,2.21,N
61.58523,1.53808,328.36,0.73,0.76,2026-01-24,0032,N20,nominal,2.0NRT,276.34,7.83,N
61.58448,1.52384,319.24,0.73,0.76,2026-01-24,0032,N20,nominal,2.0NRT,275.79,6.78,N
61.58237,1.53511,350.36,0.73,0.76,2026-01-24,0032,N20,nominal,2.0NRT,277.25,5.27,N
61.58306,1.54934,296.48,0.73,0.76,2026-01-24,0032,N20,nominal,2.0NRT,275.88,5.27,N
52.14743,32.54939,326.32,0.39,0.44,2026-01-24,0034,N20,nominal,2.0NRT,249.75,1.72,N
44.55052,18.50508,316.93,0.4,0.37,2026-01-24,0037,N20,nominal,2.0NRT,269.22,1.84,N
44.55032,18.5034,320.86,0.4,0.37,2026-01-24,0037,N20,nominal,2.0NRT,269.79,2.3,N
42.71663,24.17101,308.59,0.45,0.39,2026-01-24,0037,N20,nominal,2.0NRT,271.3,1.63,N
40.63439,16.89398,303.78,0.41,0.37,2026-01-24,0037,N20,nominal,2.0NRT,277.74,0.62,N
40.51793,17.20762,302.05,0.41,0.37,2026-01-24,0037,N20,nominal,2.0NRT,280.78,1.38,N
40.51053,17.21075,295.43,0.4,0.37,2026-01-24,0037,N20,nominal,2.0NRT,278.2,0.88,N
40.50716,17.20995,311.72,0.4,0.37,2026-01-24,0037,N20,nominal,2.0NRT,278.69,0.88,N
40.50248,17.21863,307.05,0.4,0.37,2026-01-24,0037,N20,nominal,2.0NRT,281.05,1.66,N
36.68008,9.92011,295.77,0.5,0.49,2026-01-24,0039,N20,nominal,2.0NRT,280.37,0.67,N
36.88276,6.95505,301.82,0.37,0.58,2026-01-24,0039,N20,nominal,2.0NRT,280.78,0.61,N
36.88249,6.95921,296.31,0.37,0.58,2026-01-24,0039,N20,nominal,2.0NRT,280.93,0.61,N
36.87819,6.9421,339.7,0.37,0.58,2026-01-24,0039,N20,nominal,2.0NRT,281.98,2.69,N
36.87047,6.97932,332.92,0.36,0.58,2026-01-24,0039,N20,nominal,2.0NRT,282.51,2.4,N
36.87074,6.97498,296.51,0.36,0.58,2026-01-24,0039,N20,nominal,2.0NRT,282.68,1.42,N
36.76484,7.30666,321.05,0.35,0.57,2026-01-24,0039,N20,nominal,2.0NRT,283.14,1.6,N
36.74718,6.25401,337.46,0.4,0.6,2026-01-24,0039,N20,nominal,2.0NRT,283.31,3.8,N
36.74742,6.2495,302.11,0.4,0.6,2026-01-24,0039,N20,nominal,2.0NRT,284.99,3.35,N
36.74823,6.25261,343.59,0.4,0.6,2026-01-24,0039,N20,nominal,2.0NRT,282.63,4.28,N
43.45026,4.85135,295.56,0.53,0.5,2026-01-24,0217,N20,nominal,2.0NRT,271.04,0.68,N
43.44214,-3.8442,305.33,0.39,0.36,2026-01-24,0219,N20,nominal,2.0NRT,277.94,0.85,N
43.23377,-3.68656,303.72,0.39,0.36,2026-01-24,0219,N20,nominal,2.0NRT,269.6,1.16,N
42.04694,-4.9176,318.65,0.39,0.36,2026-01-24,0219,N20,nominal,2.0NRT,272.04,1.69,N
36.88199,6.95815,298.2,0.5,0.66,2026-01-24,0219,N20,nominal,2.0NRT,280.35,1.21,N
36.87934,6.94482,305.63,0.5,0.66,2026-01-24,0219,N20,nominal,2.0NRT,279.58,1.08,N
36.8778,6.95019,308.03,0.5,0.66,2026-01-24,0219,N20,nominal,2.0NRT,280.42,1.08,N
36.86875,6.98169,296.93,0.51,0.66,2026-01-24,0219,N20,nominal,2.0NRT,280.73,0.97,N
36.76165,7.30634,309.08,0.53,0.67,2026-01-24,0219,N20,nominal,2.0NRT,278.25,1.76,N
65.06359,6.72093,338.13,0.38,0.36,2026-01-24,0213,N20,nominal,2.0NRT,279.53,6.32,N
63.31855,9.14418,301.51,0.4,0.37,2026-01-24,0215,N20,nominal,2.0NRT,268.94,1.12,N
61.58397,1.5477,326.57,0.4,0.37,2026-01-24,0215,N20,nominal,2.0NRT,280.65,2.86,N
59.64578,6.36136,314.95,0.4,0.37,2026-01-24,0215,N20,nominal,2.0NRT,268.16,1.69,N
53.58124,-0.62167,296.22,0.38,0.36,2026-01-24,0217,N20,nominal,2.0NRT,271.95,0.43,N
53.57298,-0.61323,296.92,0.38,0.36,2026-01-24,0217,N20,nominal,2.0NRT,270.74,0.51,N
53.57027,-0.5962,312.29,0.38,0.36,2026-01-24,0217,N20,nominal,2.0NRT,270.3,1.76,N
53.56704,-0.59765,331.93,0.38,0.36,2026-01-24,0217,N20,nominal,2.0NRT,272.16,1.76,N
53.56794,-0.60333,317.24,0.38,0.36,2026-01-24,0217,N20,nominal,2.0NRT,270.79,1.88,N
53.56614,-0.59198,308.79,0.38,0.36,2026-01-24,0217,N20,nominal,2.0NRT,270.27,1.76,N
48.27774,14.33377,327,0.5,0.66,2026-01-24,0217,N20,nominal,2.0NRT,262.99,5.78,N
51.0469,2.32084,305.9,0.44,0.38,2026-01-24,0217,N20,nominal,2.0NRT,280.08,1.31,N
51.04486,2.29353,329.29,0.44,0.38,2026-01-24,0217,N20,nominal,2.0NRT,279.73,2.32,N
51.04368,2.29952,318.22,0.44,0.38,2026-01-24,0217,N20,nominal,2.0NRT,278.03,2.32,N
51.04148,2.29186,306.24,0.44,0.38,2026-01-24,0217,N20,nominal,2.0NRT,277.85,2.32,N
51.03471,2.28852,319.39,0.44,0.38,2026-01-24,0217,N20,nominal,2.0NRT,276.76,1.36,N
51.0337,2.27489,302.76,0.43,0.38,2026-01-24,0217,N20,nominal,2.0NRT,275.36,0.99,N
51.03387,2.25528,297.52,0.43,0.38,2026-01-24,0217,N20,nominal,2.0NRT,275.15,0.51,N
51.03032,2.27322,310.77,0.43,0.38,2026-01-24,0217,N20,nominal,2.0NRT,274.08,0.99,N
51.02987,2.27249,326.36,0.44,0.38,2026-01-24,0217,N20,nominal,2.0NRT,275.8,3.4,N
50.47213,3.99127,306.35,0.5,0.41,2026-01-24,0217,N20,nominal,2.0NRT,277.89,2.1,N
50.33806,3.49598,295.17,0.48,0.4,2026-01-24,0217,N20,nominal,2.0NRT,276.08,0.65,N
50.43456,2.97176,325.68,0.46,0.39,2026-01-24,0217,N20,nominal,2.0NRT,275.12,2.86,N
48.3883,2.97897,301.26,0.51,0.41,2026-01-24,0219,N20,nominal,2.0NRT,275.49,0.81,N
65.0658,6.71929,308.62,0.35,0.57,2026-01-24,0351,N20,nominal,2.0NRT,269.85,1.79,N
65.06361,6.72477,305.5,0.35,0.57,2026-01-24,0351,N20,nominal,2.0NRT,269.47,2.13,N
53.56868,-0.60732,310.63,0.76,0.77,2026-01-24,0355,N20,nominal,2.0NRT,272.78,3.73,N
53.57045,-0.60568,309.63,0.76,0.77,2026-01-24,0355,N20,nominal,2.0NRT,273.02,3.53,N
